ID,Place (x),Knowledge (y),Action (z),ETName
3208,0.06,-0.31,0.88,Traditional Ways
3209,-0.25,-0.19,0.44,Earth Spirit
3212,0.06,-0.38,0.38,Traditional Ways
3220,-0.13,0.06,0.38,Ecoscience
3221,-0.13,0.06,-0.38,Ecoscience
3223,-0.81,-0.06,0.50,Earth Spirit
3224,-0.31,-0.56,0.75,Earth Spirit
3227,0.00,0.25,0.75,Boundary
3228,-0.31,-0.63,0.25,Earth Spirit
3229,-0.19,-0.44,0.56,Earth Spirit
3230,-0.69,0.00,0.50,Boundary
3232,-0.06,0.25,0.50,Ecoscience
3243,-0.13,-0.50,0.13,Earth Spirit
3244,-0.13,0.00,0.69,Boundary
3249,0.31,-0.06,1.00,Traditional Ways
3250,-0.56,-0.19,0.38,Earth Spirit
3251,-0.44,0.88,0.00,Ecoscience
3252,-0.50,-0.19,0.06,Earth Spirit
3253,-0.13,0.06,0.19,Ecoscience
3254,-0.31,-0.13,0.00,Earth Spirit
3255,-0.31,0.31,0.25,Ecoscience
3256,-0.19,0.00,-0.13,Boundary
3257,0.00,-0.19,0.06,Boundary
3258,-0.75,0.13,0.31,Ecoscience
3280,-0.06,-0.31,-0.19,Earth Spirit
3281,-0.56,-0.19,0.06,Earth Spirit
3282,-0.19,-0.06,0.81,Earth Spirit
3283,-0.44,0.25,0.00,Ecoscience
3284,0.38,-0.38,0.00,Traditional Ways
3285,-0.38,-0.19,0.06,Earth Spirit
3286,0.31,-0.63,0.50,Traditional Ways
3292,0.19,-0.19,0.38,Traditional Ways
3293,0.25,0.19,0.13,Technoprogress
3294,-0.50,0.25,0.75,Ecoscience
3295,0.44,0.75,0.00,Technoprogress
3296,-0.13,-0.25,0.50,Earth Spirit
3297,-0.31,0.44,0.00,Ecoscience
3298,-0.38,-0.13,0.44,Earth Spirit
3300,0.00,0.06,0.19,Boundary
3301,-0.38,-0.25,0.13,Earth Spirit
3302,-0.25,0.00,0.63,Boundary
3303,-0.06,-0.31,-0.13,Earth Spirit
3304,-0.63,0.00,0.13,Boundary
3305,0.19,0.13,0.50,Technoprogress
3306,0.13,-0.31,-0.06,Traditional Ways
3307,-0.38,-0.06,0.38,Earth Spirit
3308,0.13,-0.63,0.75,Traditional Ways
3309,-0.25,-0.31,0.19,Earth Spirit
3310,-0.25,-0.69,-0.13,Earth Spirit
3311,-0.25,-0.19,-0.25,Earth Spirit
3312,-0.38,0.00,-0.25,Boundary
3313,-0.06,-0.06,0.63,Earth Spirit
3314,0.06,-0.19,0.38,Traditional Ways
3315,-0.50,0.25,0.13,Ecoscience
3316,-0.63,-0.38,0.25,Earth Spirit
3321,-0.69,-0.25,0.19,Earth Spirit
3324,-0.38,-0.25,-0.19,Earth Spirit
3325,-0.19,0.00,0.81,Boundary
3326,-0.63,-0.56,0.31,Earth Spirit
3327,-0.38,0.00,0.44,Boundary
3328,-0.06,-0.69,0.75,Earth Spirit
3330,-0.13,-0.06,0.81,Earth Spirit
3331,-0.38,-0.25,0.00,Earth Spirit
3333,0.13,-0.25,-0.19,Traditional Ways
3334,-0.63,-0.25,0.81,Earth Spirit
3335,0.00,-0.19,-0.06,Boundary
3336,-0.31,-0.38,-0.13,Earth Spirit
3338,0.06,0.13,0.00,Technoprogress
3340,-0.25,0.00,0.56,Boundary
3341,-0.75,-0.63,0.56,Earth Spirit
3342,0.06,0.31,0.38,Technoprogress
3343,-0.13,0.06,0.25,Ecoscience
3344,0.25,0.13,0.63,Technoprogress
3345,0.06,0.25,0.38,Technoprogress
3346,-0.38,-0.44,0.25,Earth Spirit
3347,0.19,0.25,0.06,Technoprogress
3348,-0.38,-0.25,0.38,Earth Spirit
3349,-0.38,-0.31,0.00,Earth Spirit
3350,-0.25,-0.19,0.25,Earth Spirit
3351,-0.19,-0.19,0.44,Earth Spirit
3352,-0.44,-0.25,0.94,Earth Spirit
3354,-0.06,0.19,-0.19,Ecoscience
3355,-0.44,0.31,0.31,Ecoscience
3356,-0.19,-0.25,0.31,Earth Spirit
3358,-0.13,0.19,0.63,Ecoscience
3359,-0.25,0.06,0.13,Ecoscience
3360,0.19,0.50,0.31,Technoprogress
3361,-0.25,-0.38,0.50,Earth Spirit
3362,0.06,0.50,0.44,Technoprogress
3363,0.06,0.56,-0.31,Technoprogress
3364,-0.06,-0.19,0.69,Earth Spirit
3366,-0.44,-0.06,0.06,Earth Spirit
3367,-0.25,-0.31,0.38,Earth Spirit
3373,-0.19,0.19,0.31,Ecoscience
3383,0.06,-0.06,0.38,Traditional Ways
3384,-0.31,-0.06,0.50,Earth Spirit
3386,-0.31,0.00,-0.25,Boundary
3388,-0.13,0.31,0.56,Ecoscience
3389,-0.19,-0.38,0.00,Earth Spirit
3390,0.25,0.06,0.75,Technoprogress
3391,0.06,0.25,0.25,Technoprogress
3394,0.06,0.13,0.13,Technoprogress
3400,-0.06,0.13,0.06,Ecoscience
3401,0.06,0.19,-0.06,Technoprogress
3402,-0.75,0.13,-0.31,Ecoscience
3403,0.50,0.44,0.81,Technoprogress
3407,-0.44,-0.38,0.63,Earth Spirit
3408,-0.31,-0.13,0.25,Earth Spirit
3409,0.44,0.81,0.25,Technoprogress
3411,-0.06,0.06,0.38,Ecoscience
3412,-0.13,-0.19,0.56,Earth Spirit
3414,-0.31,0.19,0.13,Ecoscience
3416,-0.50,-0.69,0.94,Earth Spirit
3422,-0.50,-0.31,-0.50,Earth Spirit
3429,0.44,0.63,0.75,Technoprogress
3430,0.19,-0.19,0.69,Traditional Ways
3434,-0.13,0.75,0.94,Ecoscience
3438,-0.25,-0.06,0.19,Earth Spirit
3439,-0.44,0.69,0.38,Ecoscience
3442,-0.25,-0.31,0.06,Earth Spirit
3443,-0.19,-0.13,-0.06,Earth Spirit
3444,-0.19,0.31,-0.13,Ecoscience
3445,-0.44,-0.25,0.31,Earth Spirit
3446,-0.13,0.31,0.44,Ecoscience
3449,0.00,-0.25,0.50,Boundary
3451,-0.38,0.00,0.06,Boundary
3452,0.00,-0.06,-0.19,Boundary
3453,0.13,-0.06,0.06,Traditional Ways
3454,0.00,0.25,0.00,Boundary
3455,0.00,-0.06,-0.38,Boundary
3456,-0.25,-0.31,-0.31,Earth Spirit
3457,-0.25,0.13,-0.13,Ecoscience
3458,0.19,0.19,-0.13,Technoprogress
3459,-0.25,-0.13,0.38,Earth Spirit
3460,-0.31,-0.25,0.13,Earth Spirit
3461,-0.06,-0.19,-0.50,Earth Spirit
3462,0.13,0.00,0.06,Boundary
3463,-0.13,-0.13,0.63,Earth Spirit
3464,-0.13,0.06,-0.38,Ecoscience
3465,-0.38,0.13,0.13,Ecoscience
3466,-0.25,0.38,-0.63,Ecoscience
3467,-0.44,0.06,0.00,Ecoscience
3468,-0.25,-0.13,-0.19,Earth Spirit
3470,-0.25,-0.31,-0.19,Earth Spirit
3471,-0.50,-0.19,0.38,Earth Spirit
3472,-0.31,0.25,0.44,Ecoscience
3473,-0.44,0.38,0.94,Ecoscience
3474,0.13,0.06,-0.06,Technoprogress
3475,-0.31,-0.13,-0.13,Earth Spirit
3476,-0.31,0.44,0.31,Ecoscience
3478,-0.63,-0.13,0.75,Earth Spirit
3479,-0.13,0.00,-0.63,Boundary
3480,0.13,0.13,-0.38,Technoprogress
3481,-0.13,0.00,-0.13,Boundary
3482,-0.19,0.13,-0.25,Ecoscience
3483,0.13,0.00,-0.06,Boundary
3485,-0.06,-0.06,0.00,Earth Spirit
3487,-0.06,-0.06,-0.25,Earth Spirit
3488,-0.13,0.06,0.38,Ecoscience
3489,-0.06,0.13,-0.06,Ecoscience
3490,-0.25,-0.25,-0.50,Earth Spirit
3499,-0.38,0.00,0.81,Boundary
3500,-0.19,0.31,-0.44,Ecoscience
3501,0.00,-0.13,-0.25,Boundary
3502,-0.19,-0.06,0.75,Earth Spirit
3503,0.00,0.00,-0.19,Boundary
3505,-0.19,-0.19,0.50,Earth Spirit
3506,-0.25,0.00,0.50,Boundary
3507,-0.13,0.19,-0.31,Ecoscience
3508,0.06,0.06,-0.31,Technoprogress
3510,-0.19,-0.38,-0.06,Earth Spirit
3511,-0.38,0.25,0.75,Ecoscience
3512,-0.19,0.19,0.56,Ecoscience
3513,-0.94,-0.81,0.06,Earth Spirit
3516,0.19,0.44,0.06,Technoprogress
3517,-0.31,0.00,0.69,Boundary
3518,0.00,-0.25,0.13,Boundary
3520,-0.06,-0.19,0.25,Earth Spirit
3521,0.13,-0.31,0.81,Traditional Ways
3522,-0.31,-0.06,0.00,Earth Spirit
3523,-0.69,-0.13,-0.13,Earth Spirit
3524,-0.63,-0.31,-0.31,Earth Spirit
3525,0.38,0.19,-0.25,Technoprogress
3528,0.44,-0.13,0.88,Traditional Ways
3529,-0.50,-0.50,0.94,Earth Spirit
3530,-0.69,-0.13,0.25,Earth Spirit
3531,0.00,0.00,-0.44,Boundary
3532,-0.13,0.00,-0.56,Boundary
3533,-0.50,-0.31,0.00,Earth Spirit
3534,-0.69,-0.50,0.13,Earth Spirit
3535,-0.31,0.38,0.81,Ecoscience
3536,-0.25,0.00,-0.31,Boundary
3537,-0.38,0.31,-0.25,Ecoscience
3538,-0.38,0.25,0.25,Ecoscience
3539,-0.38,0.19,0.00,Ecoscience
3540,-0.25,0.31,-0.06,Ecoscience
3541,-0.56,-0.75,0.44,Earth Spirit
3542,-0.69,-0.06,0.06,Earth Spirit
3543,-0.63,-0.06,0.94,Earth Spirit
3544,-0.25,0.25,-0.56,Ecoscience
3545,0.00,-0.13,0.19,Boundary
3546,-0.31,0.31,0.50,Ecoscience
3547,-0.50,0.13,0.69,Ecoscience
3548,-0.56,-0.06,0.56,Earth Spirit
3549,-0.19,0.31,0.13,Ecoscience
3550,-0.06,0.38,-0.06,Ecoscience
3551,-0.19,-0.25,-0.50,Earth Spirit
3552,-0.50,-0.06,0.56,Earth Spirit
3553,-0.44,-0.25,-0.19,Earth Spirit
3554,-0.31,-0.06,-0.38,Earth Spirit
3555,-0.25,-0.25,-0.56,Earth Spirit
3556,0.00,-0.31,0.19,Boundary
3557,-0.63,-0.06,0.63,Earth Spirit
3558,-0.31,0.19,0.50,Ecoscience
3559,-0.75,-0.56,0.56,Earth Spirit
3560,-0.56,-0.44,0.56,Earth Spirit
3561,-0.31,-0.19,0.25,Earth Spirit
3562,-0.38,-0.38,0.44,Earth Spirit
3563,0.38,0.63,0.69,Technoprogress
3564,0.00,-0.38,0.94,Boundary
3565,-0.31,-0.50,0.44,Earth Spirit
3566,-0.38,0.06,0.44,Ecoscience
3567,-0.19,-0.06,0.06,Earth Spirit
3568,-0.50,-0.31,0.31,Earth Spirit
3569,-0.13,0.06,-0.06,Ecoscience
3570,-0.44,-0.06,0.00,Earth Spirit
3572,-0.19,-0.19,0.63,Earth Spirit
3573,0.19,-0.44,0.69,Traditional Ways
3574,-0.06,-0.13,0.88,Earth Spirit
3575,0.06,0.31,0.00,Technoprogress
3576,-0.63,-0.25,-0.50,Earth Spirit
3578,-0.25,0.56,-0.06,Ecoscience
3579,-0.44,0.25,0.81,Ecoscience
3580,-0.38,-0.38,0.06,Earth Spirit
3581,-0.44,-0.13,0.81,Earth Spirit
3582,-0.13,0.13,0.31,Ecoscience
3583,-0.19,0.75,0.25,Ecoscience
3587,-0.19,0.06,0.50,Ecoscience
3588,-0.44,0.00,0.63,Boundary
3590,0.00,0.19,0.06,Boundary
3591,-0.25,-0.44,0.44,Earth Spirit
3592,0.06,0.63,0.94,Technoprogress
3593,-0.25,0.00,0.06,Boundary
3594,-0.38,0.06,0.19,Ecoscience
3595,-0.56,0.19,0.25,Ecoscience
3596,-0.69,0.00,0.19,Boundary
3597,0.19,-0.13,0.38,Traditional Ways
3598,-0.06,0.31,0.31,Ecoscience
3599,-0.38,0.13,0.56,Ecoscience
3601,-0.31,-0.06,0.44,Earth Spirit
3602,-0.44,-0.38,0.63,Earth Spirit
3603,0.00,0.13,0.25,Boundary
3606,-0.06,-0.06,0.00,Earth Spirit
3607,-0.13,-0.06,0.19,Earth Spirit
3608,-0.38,-0.13,0.75,Earth Spirit
3610,-0.38,-0.19,0.31,Earth Spirit
3611,-0.19,0.25,0.69,Ecoscience
3612,-0.44,-0.25,0.25,Earth Spirit
3613,-0.50,0.13,0.94,Ecoscience
3616,-0.06,0.44,0.25,Ecoscience
3618,0.00,0.06,-0.19,Boundary
3620,-0.44,-0.06,0.56,Earth Spirit
3621,0.00,-0.44,0.63,Boundary
3622,-0.06,0.00,-0.06,Boundary
3623,-0.56,-0.75,0.63,Earth Spirit
3624,-0.50,0.06,0.44,Ecoscience
3625,-0.19,0.06,0.06,Ecoscience
3631,-0.13,-0.44,0.31,Earth Spirit
3632,-0.44,0.06,0.25,Ecoscience
3633,0.31,0.19,-0.25,Technoprogress
3634,-0.13,-0.06,0.56,Earth Spirit
3635,-0.19,-0.31,-0.31,Earth Spirit
3636,-0.31,-0.06,0.31,Earth Spirit
3637,-0.06,-0.38,0.19,Earth Spirit
3638,-0.63,-0.25,0.25,Earth Spirit
3639,-0.38,-0.13,0.31,Earth Spirit
3641,-0.31,0.31,0.50,Ecoscience
3642,-0.19,-0.19,0.56,Earth Spirit
3643,-0.25,0.13,0.50,Ecoscience
3644,0.25,0.13,-0.06,Technoprogress
3645,-0.06,0.44,-0.38,Ecoscience
3646,-0.44,-0.44,0.25,Earth Spirit
3647,-0.94,0.31,0.00,Ecoscience
3651,-0.38,-0.69,-0.06,Earth Spirit
3652,-0.63,-0.50,0.50,Earth Spirit
3655,-0.31,0.13,0.56,Ecoscience
3656,0.00,0.00,-0.13,Boundary
3657,-0.63,-0.50,0.06,Earth Spirit
3658,-0.44,0.19,0.19,Ecoscience
3660,-0.13,-0.13,0.44,Earth Spirit
3661,-0.50,-0.06,0.44,Earth Spirit
3662,-0.13,0.25,0.00,Ecoscience
3663,-0.69,0.63,0.56,Ecoscience
3664,-0.56,-0.44,0.19,Earth Spirit
3665,-0.31,-0.06,0.31,Earth Spirit
3666,-0.50,0.13,0.31,Ecoscience
3667,-0.13,-0.31,0.56,Earth Spirit
3669,-0.44,-0.44,0.06,Earth Spirit
3673,-0.38,-0.06,0.31,Earth Spirit
3674,-0.31,0.38,0.31,Ecoscience
3678,-0.13,0.00,0.19,Boundary
3679,-0.31,0.13,0.63,Ecoscience
3682,-0.44,-0.31,0.38,Earth Spirit
3683,-0.50,-0.06,0.69,Earth Spirit
3684,-0.31,-0.69,0.19,Earth Spirit
3685,0.06,-0.19,0.56,Traditional Ways
3686,-0.13,-0.38,0.63,Earth Spirit
3687,-0.13,-0.25,0.38,Earth Spirit
3688,-0.38,-0.38,-0.50,Earth Spirit
3690,-0.50,0.25,0.44,Ecoscience
3692,0.00,0.06,0.25,Boundary
3701,0.13,-0.44,-0.06,Traditional Ways
3702,-0.38,-0.31,-0.19,Earth Spirit
3704,-0.38,-0.19,0.25,Earth Spirit
3708,-0.25,0.25,0.56,Ecoscience
3713,-0.31,-0.13,-0.06,Earth Spirit
3722,-0.13,-0.06,0.50,Earth Spirit
3723,-0.69,-0.13,0.19,Earth Spirit
3724,-0.25,0.25,0.31,Ecoscience
3726,-0.19,0.00,-0.13,Boundary
3730,-0.50,-0.31,0.63,Earth Spirit
3731,-0.25,0.31,0.69,Ecoscience
3732,-0.56,0.06,0.75,Ecoscience
3734,-0.19,0.25,0.50,Ecoscience
3735,-0.56,0.13,0.31,Ecoscience
3738,-0.38,0.00,0.19,Boundary
3739,-0.31,0.38,0.88,Ecoscience
3740,-0.38,-0.69,0.94,Earth Spirit
3741,0.00,-0.06,0.75,Boundary
3742,-0.69,-0.25,0.69,Earth Spirit
3743,-0.50,0.06,0.31,Ecoscience
3747,-0.69,-0.38,0.25,Earth Spirit
3752,-0.56,0.06,0.25,Ecoscience
3757,-0.06,0.13,0.75,Ecoscience
3758,-0.31,-0.63,0.69,Earth Spirit
3759,-0.19,0.19,0.25,Ecoscience
3761,0.06,0.00,0.06,Boundary
3762,-0.69,-0.13,0.63,Earth Spirit
3763,0.25,-0.69,1.00,Traditional Ways
3764,-0.31,-0.25,0.44,Earth Spirit
3765,-0.50,-0.19,-0.31,Earth Spirit
3766,-0.13,0.25,0.06,Ecoscience
3767,-0.44,-0.63,0.69,Earth Spirit
3768,-0.44,0.06,0.00,Ecoscience
3769,-1.00,-0.50,0.94,Earth Spirit
3770,-0.56,0.06,0.25,Ecoscience
3772,-0.31,-0.19,0.81,Earth Spirit
3775,-0.19,-0.13,-0.13,Earth Spirit
3777,0.13,-0.31,-0.13,Traditional Ways
3778,0.25,0.25,-0.31,Technoprogress
3782,-0.50,-0.06,0.38,Earth Spirit
3785,-0.31,-0.31,0.00,Earth Spirit
3786,-0.06,-0.31,-0.13,Earth Spirit
3787,-0.94,-0.25,0.00,Earth Spirit
3791,-0.13,-0.19,0.31,Earth Spirit
3811,-0.31,-0.19,-0.06,Earth Spirit
3813,-0.19,-0.38,-0.25,Earth Spirit
3815,-0.31,-0.56,-0.06,Earth Spirit
3819,-0.50,-0.50,0.81,Earth Spirit
3826,0.06,-0.44,0.25,Traditional Ways
3828,-0.50,-0.25,0.06,Earth Spirit
3829,-0.94,-0.94,0.19,Earth Spirit
3830,0.25,0.25,0.31,Technoprogress
3831,-0.38,-0.44,0.75,Earth Spirit
3836,-0.38,0.00,0.38,Boundary
3838,-0.19,-0.06,0.50,Earth Spirit
3840,-0.06,-0.38,0.81,Earth Spirit
3841,0.00,0.06,-0.06,Boundary
3842,-0.81,-0.25,-0.31,Earth Spirit
3843,-0.31,-0.06,-0.19,Earth Spirit
3844,-0.13,0.06,0.56,Ecoscience
3845,0.00,0.13,0.06,Boundary
3846,-0.31,-0.06,0.56,Earth Spirit
3847,-0.44,0.00,0.63,Boundary
3851,-0.06,-0.31,0.25,Earth Spirit
3852,-0.31,-0.06,0.81,Earth Spirit
3854,-0.19,0.00,-0.19,Boundary
3858,-0.38,-0.13,0.44,Earth Spirit
3862,-0.56,-0.50,-0.06,Earth Spirit
3871,-0.25,0.44,0.38,Ecoscience
3881,-0.69,-0.31,0.06,Earth Spirit
3882,-0.44,-0.38,0.25,Earth Spirit
3900,-0.50,0.00,0.63,Boundary
3901,-0.06,0.44,0.81,Ecoscience
3921,-0.31,0.19,0.19,Ecoscience
3959,-0.25,0.25,0.81,Ecoscience
3964,-0.50,0.19,-0.19,Ecoscience
3977,-0.31,0.44,0.50,Ecoscience
3986,-0.56,0.25,0.19,Ecoscience
3987,-0.56,0.00,0.19,Boundary
3998,0.13,0.25,0.94,Technoprogress
4001,-0.13,0.25,0.81,Ecoscience
4012,-0.56,-0.25,0.50,Earth Spirit
4013,-0.31,-0.06,0.63,Earth Spirit
4016,-0.63,-0.25,0.13,Earth Spirit
4022,-0.50,-0.25,-0.06,Earth Spirit
4024,-0.19,-0.44,0.75,Earth Spirit
4025,-0.31,0.50,-0.06,Ecoscience
4029,-0.25,-0.56,0.69,Earth Spirit
4035,-0.38,-0.25,0.31,Earth Spirit
4037,-0.25,-0.13,0.94,Earth Spirit
4040,-0.13,0.31,0.75,Ecoscience
4041,-0.19,0.25,0.81,Ecoscience
4042,-0.44,-0.06,0.13,Earth Spirit
4043,-0.19,-0.19,-0.25,Earth Spirit
4044,-0.44,0.19,-0.06,Ecoscience
4045,-0.31,-0.25,-0.13,Earth Spirit
4046,-0.44,-0.44,-0.13,Earth Spirit
4047,-0.13,0.00,-0.19,Boundary
4048,-0.25,-0.44,0.44,Earth Spirit
4049,-0.06,-0.38,0.88,Earth Spirit
4050,-0.25,0.31,0.75,Ecoscience
4051,0.25,0.31,0.81,Technoprogress
4052,-0.50,-0.38,-0.25,Earth Spirit
4053,-0.44,0.38,0.38,Ecoscience
4054,-0.56,-0.13,0.56,Earth Spirit
4055,-0.31,-0.25,-0.13,Earth Spirit
4056,0.00,-0.13,0.25,Boundary
4057,0.13,-0.31,-0.19,Traditional Ways
4058,-0.63,-0.63,0.00,Earth Spirit
4059,0.19,-0.25,-0.06,Traditional Ways
4060,-0.38,0.19,0.63,Ecoscience
4061,-0.25,0.19,0.00,Ecoscience
4062,-0.31,0.19,0.25,Ecoscience
4063,-0.44,-0.38,-0.63,Earth Spirit
4064,-0.13,-0.13,-0.25,Earth Spirit
4065,-0.06,-0.31,-0.38,Earth Spirit
4066,-0.38,-0.19,0.06,Earth Spirit
4067,0.00,-0.13,-0.19,Boundary
4068,-0.69,-0.56,0.94,Earth Spirit
4069,-0.31,0.19,0.19,Ecoscience
4070,-0.63,-0.56,0.50,Earth Spirit
4071,-0.13,-0.25,0.63,Earth Spirit
4073,-0.38,-0.19,0.56,Earth Spirit
4074,-0.38,-0.06,-0.50,Earth Spirit
4075,-0.75,-0.13,-0.31,Earth Spirit
4076,-0.38,-0.13,0.19,Earth Spirit
4077,0.00,0.50,0.44,Boundary
4079,-0.06,-0.25,-0.31,Earth Spirit
4090,-0.31,-0.31,0.38,Earth Spirit
4097,-0.19,0.38,-0.50,Ecoscience
4099,-0.25,0.06,0.50,Ecoscience
4114,-0.38,-0.19,0.56,Earth Spirit
4121,0.56,0.25,-0.13,Technoprogress
4143,-0.56,-0.56,-0.13,Earth Spirit
4148,-0.38,-0.38,-0.06,Earth Spirit
4149,0.13,0.00,0.19,Boundary
4151,-0.63,-0.63,-0.44,Earth Spirit
4174,-0.44,-0.88,0.69,Earth Spirit
4177,-0.13,0.00,-0.25,Boundary
4178,-0.81,0.44,0.44,Ecoscience
4180,0.00,-0.44,0.31,Boundary
4183,-0.19,-0.31,0.88,Earth Spirit
4184,-0.38,-0.19,-0.25,Earth Spirit
4186,-0.13,-0.06,-0.25,Earth Spirit
4187,-0.19,0.19,-0.13,Ecoscience
4188,-0.44,-0.31,-0.25,Earth Spirit
4189,0.00,0.38,0.31,Boundary
4190,-0.19,-0.13,0.19,Earth Spirit
4199,-0.06,-0.13,-0.19,Earth Spirit
4201,-0.06,0.25,0.44,Ecoscience
4203,0.31,0.56,0.31,Technoprogress
4209,-0.38,-0.50,0.25,Earth Spirit
4210,-0.50,0.25,0.25,Ecoscience
4213,0.44,0.38,0.56,Technoprogress
4219,-0.81,0.38,0.50,Ecoscience
4225,-0.38,-0.25,0.81,Earth Spirit
4227,-0.50,-0.19,0.63,Earth Spirit
4228,-0.75,0.50,0.13,Ecoscience
4231,-0.25,0.19,0.25,Ecoscience
4232,-0.38,0.06,-0.06,Ecoscience
4234,-0.50,0.31,0.75,Ecoscience
4235,0.06,0.56,0.75,Technoprogress
4237,-0.50,0.13,0.88,Ecoscience
4238,-0.38,0.06,0.44,Ecoscience
4240,0.13,0.00,0.13,Boundary
4242,-0.31,0.06,0.56,Ecoscience
4243,0.19,0.56,0.19,Technoprogress
4245,0.06,0.06,0.56,Technoprogress
4250,-0.50,0.19,0.25,Ecoscience
4252,0.00,0.00,-0.25,Boundary
4253,-0.06,0.00,0.06,Boundary
4256,0.00,-0.19,0.19,Boundary
4261,-0.38,0.06,0.19,Ecoscience
4265,-0.63,-0.25,0.19,Earth Spirit
4266,-0.69,0.13,0.25,Ecoscience
4272,0.06,0.06,0.50,Technoprogress
4273,-0.25,-0.25,0.19,Earth Spirit
4277,0.13,-0.06,0.19,Traditional Ways
4282,0.19,-0.06,-0.19,Traditional Ways
4291,0.19,0.19,-0.13,Technoprogress
4292,-0.44,-0.06,-0.25,Earth Spirit
4293,-0.56,-0.06,0.56,Earth Spirit
4296,0.13,0.00,0.25,Boundary
4298,-0.19,-0.19,1.00,Earth Spirit
4300,-0.50,0.00,0.13,Boundary
4315,-0.75,-0.06,0.25,Earth Spirit
4325,-0.50,-0.06,-0.25,Earth Spirit
4327,-0.06,-0.31,-0.13,Earth Spirit
4329,0.06,0.00,0.19,Boundary
4330,-0.75,0.06,0.69,Ecoscience
4331,-0.06,-0.50,0.63,Earth Spirit
4332,0.19,0.00,-0.06,Boundary
4334,-0.25,0.44,0.81,Ecoscience
4336,-0.13,-0.25,-0.06,Earth Spirit
4337,-0.13,-0.25,-0.06,Earth Spirit
4339,-0.50,0.06,-0.13,Ecoscience
4340,-0.56,-0.19,-0.31,Earth Spirit
4342,-0.19,0.13,-0.13,Ecoscience
4345,-0.19,0.13,-0.13,Ecoscience
4347,-0.75,-0.44,0.38,Earth Spirit
4348,-0.31,-0.13,-0.19,Earth Spirit
4350,0.06,0.25,0.50,Technoprogress
4352,0.13,0.31,0.38,Technoprogress
4353,-0.69,-0.69,0.50,Earth Spirit
4354,-0.38,0.13,-0.38,Ecoscience
4357,0.00,0.00,-0.31,Boundary
4358,-0.31,0.00,-0.19,Boundary
4360,0.06,-0.06,0.13,Traditional Ways
4361,-0.25,-0.31,-0.06,Earth Spirit
4362,-0.25,-0.13,0.25,Earth Spirit
4363,-0.38,-0.25,0.50,Earth Spirit
4367,-0.19,-0.06,0.13,Earth Spirit
4369,0.00,0.75,-0.25,Boundary
4375,-0.13,0.13,-0.31,Ecoscience
4376,-0.31,0.00,0.69,Boundary
4378,0.13,0.69,0.63,Technoprogress
4379,0.50,-0.19,0.38,Traditional Ways
4380,0.31,-0.25,0.69,Traditional Ways
4381,-0.56,0.56,0.19,Ecoscience
4382,0.50,0.25,0.13,Technoprogress
4383,-0.19,-0.69,0.75,Earth Spirit
4384,0.13,0.69,0.69,Technoprogress
4386,0.38,0.13,0.69,Technoprogress
4387,-0.31,0.25,0.19,Ecoscience
4388,-0.38,-0.13,-0.31,Earth Spirit
4391,-0.06,-0.19,0.31,Earth Spirit
4392,-0.13,0.13,0.56,Ecoscience
4393,-0.38,0.13,0.44,Ecoscience
4395,0.38,0.25,-0.19,Technoprogress
4396,-0.38,-0.06,-0.31,Earth Spirit
4398,-0.63,0.13,0.56,Ecoscience
4400,-0.19,-0.25,0.31,Earth Spirit
4401,0.13,-0.31,0.44,Traditional Ways
4402,-0.63,-0.50,0.69,Earth Spirit
4404,-0.56,0.00,0.81,Boundary
4405,0.13,-0.06,0.25,Traditional Ways
4406,-0.44,-0.13,0.25,Earth Spirit
4408,-0.19,0.06,-0.38,Ecoscience
4413,-0.50,-0.19,0.88,Earth Spirit
4416,-0.19,-0.25,0.38,Earth Spirit
4418,-0.19,0.13,0.19,Ecoscience
4420,-0.25,-0.75,0.50,Earth Spirit
4421,-0.25,0.19,0.06,Ecoscience
4426,-0.31,-0.13,-0.44,Earth Spirit
4429,0.31,0.56,1.00,Technoprogress
4430,-0.44,-0.25,0.25,Earth Spirit
4433,-0.06,-0.06,-0.06,Earth Spirit
4436,-0.31,0.19,0.00,Ecoscience
4437,-0.31,0.06,0.25,Ecoscience
4440,-0.38,-0.25,0.31,Earth Spirit
4446,0.13,0.00,0.31,Boundary
4448,0.25,0.31,-0.06,Technoprogress
4450,0.25,-0.38,0.31,Traditional Ways
4451,-0.56,0.13,-0.13,Ecoscience
4453,-0.31,-0.31,0.31,Earth Spirit
4455,-0.19,-0.13,-0.13,Earth Spirit
4456,-0.13,0.13,0.19,Ecoscience
4457,0.19,-0.25,0.63,Traditional Ways
4458,0.13,-0.38,-0.19,Traditional Ways
4464,-0.38,-0.25,0.19,Earth Spirit
4466,-0.13,0.19,0.50,Ecoscience
4472,0.13,0.13,0.00,Technoprogress
4473,0.00,-0.44,0.38,Boundary
4476,0.06,0.06,0.00,Technoprogress
4478,0.44,-0.19,0.81,Traditional Ways
4479,0.38,-0.13,0.75,Traditional Ways
4485,-0.31,0.19,0.38,Ecoscience
4487,-0.31,0.13,0.13,Ecoscience
4488,-0.19,0.06,-0.13,Ecoscience
4491,-0.06,0.13,-0.13,Ecoscience
4492,-0.06,-0.31,-0.25,Earth Spirit
4494,-0.56,0.13,0.00,Ecoscience
4495,-0.56,0.19,0.56,Ecoscience
4496,-0.13,-0.38,0.44,Earth Spirit
4497,-0.19,-0.19,0.31,Earth Spirit
4498,-0.25,-0.25,-0.25,Earth Spirit
4504,0.00,0.00,0.00,Boundary
4506,-0.56,0.13,0.56,Ecoscience
4507,-0.19,0.31,0.63,Ecoscience
4508,0.13,-0.25,-0.13,Traditional Ways
4509,0.25,0.06,-0.31,Technoprogress
4510,0.00,0.00,-0.13,Boundary
4512,-0.13,0.00,-0.13,Boundary
4513,-0.19,-0.06,-0.25,Earth Spirit
4514,-0.31,-0.38,0.31,Earth Spirit
4515,-0.19,-0.06,-0.06,Earth Spirit
4516,0.00,0.00,0.06,Boundary
4517,-0.63,-0.88,-0.13,Earth Spirit
4522,-0.44,0.00,0.00,Boundary
4523,0.00,0.06,-0.25,Boundary
4525,-0.25,0.06,-0.19,Ecoscience
4526,-0.63,-0.44,-0.38,Earth Spirit
4530,-0.06,0.19,-0.31,Ecoscience
4531,0.63,0.00,0.38,Boundary
4535,-0.06,-0.38,0.81,Earth Spirit
4540,-0.63,-0.38,0.31,Earth Spirit
4547,-0.44,-0.56,-0.19,Earth Spirit
4554,-0.19,-0.13,-0.31,Earth Spirit
4565,-0.44,-0.19,0.38,Earth Spirit
4570,-0.38,-0.44,0.31,Earth Spirit
4581,-0.69,-0.19,-0.25,Earth Spirit
4585,0.00,-0.25,0.00,Boundary
4592,0.13,-0.13,0.44,Traditional Ways
4594,0.00,-0.06,0.00,Boundary
4595,-0.25,0.06,-0.44,Ecoscience
4596,-0.06,-0.50,0.50,Earth Spirit
4598,-0.13,-0.19,-0.19,Earth Spirit
4599,-0.13,-0.19,-0.19,Earth Spirit
4600,-0.13,0.00,0.13,Boundary
4603,-0.50,0.13,0.06,Ecoscience
4606,-0.19,0.19,0.31,Ecoscience
4617,-0.50,0.06,0.13,Ecoscience
4618,-0.25,0.00,0.25,Boundary
4619,-0.50,-0.06,-0.13,Earth Spirit
4620,-0.19,0.25,-0.31,Ecoscience
4624,-0.25,0.00,-0.19,Boundary
4625,-0.56,0.13,-0.94,Ecoscience
4626,0.19,0.06,-0.31,Technoprogress
4627,-0.44,0.13,-0.19,Ecoscience
4628,0.13,0.06,0.44,Technoprogress
4629,0.00,-0.19,-0.13,Boundary
4630,-0.38,-0.38,0.00,Earth Spirit
4635,0.00,-0.06,-0.19,Boundary
4637,-0.56,-0.69,0.06,Earth Spirit
4656,0.31,0.25,0.38,Technoprogress
4666,-0.25,0.63,0.25,Ecoscience
4670,0.00,0.06,0.38,Boundary
4672,-0.13,-0.13,0.19,Earth Spirit
4677,-0.25,0.31,0.94,Ecoscience
4681,-0.06,0.13,-0.06,Ecoscience
4682,0.19,0.38,-0.25,Technoprogress
4683,-0.06,0.13,0.06,Ecoscience
4692,-0.06,-0.06,-0.25,Earth Spirit
4693,-0.06,-0.06,-0.25,Earth Spirit
4696,0.25,0.38,-0.13,Technoprogress
4700,-0.38,0.13,0.19,Ecoscience
4711,0.13,0.63,0.75,Technoprogress
4721,0.44,0.50,-0.19,Technoprogress
4722,0.06,0.00,-0.31,Boundary
4723,-0.31,-0.31,-0.06,Earth Spirit
4728,0.31,0.44,-0.19,Technoprogress
4730,-0.31,0.25,-0.06,Ecoscience
4736,-0.44,0.00,0.13,Boundary
4737,-0.06,-0.44,1.00,Earth Spirit
4738,0.31,0.00,-0.44,Boundary
4739,-0.44,0.06,-0.31,Ecoscience
4741,0.00,-0.13,0.31,Boundary
4742,-0.25,0.06,-0.13,Ecoscience
4743,-0.31,-0.19,-0.06,Earth Spirit
4744,0.13,0.13,0.00,Technoprogress
4745,0.19,-0.19,0.19,Traditional Ways
4746,-0.50,0.06,0.00,Ecoscience
4747,0.00,-0.13,0.13,Boundary
4748,-0.06,0.06,0.31,Ecoscience
4749,0.00,0.13,0.44,Boundary
4750,0.13,0.00,-0.06,Boundary
4751,0.00,-0.13,-0.13,Boundary
4752,-0.31,-0.19,0.19,Earth Spirit
4753,-0.31,0.00,0.06,Boundary
4754,0.00,0.75,0.00,Boundary
4755,-0.31,-0.31,-0.19,Earth Spirit
4756,-0.13,0.06,0.13,Ecoscience
4757,-0.25,-0.19,0.25,Earth Spirit
4758,-0.25,-0.38,0.13,Earth Spirit
4759,0.06,-0.13,0.25,Traditional Ways
4761,-0.13,-0.44,0.31,Earth Spirit
4762,-0.63,-0.50,-0.25,Earth Spirit
4763,-0.44,-0.44,-0.06,Earth Spirit
4764,-0.56,-0.13,0.50,Earth Spirit
4765,-0.25,-0.31,0.69,Earth Spirit
4770,-0.44,-0.06,-0.19,Earth Spirit
4771,-0.13,-0.44,0.81,Earth Spirit
4775,-0.63,-0.06,0.31,Earth Spirit
4776,-0.06,0.13,0.19,Ecoscience
4778,0.00,-0.13,-0.06,Boundary
4785,-0.25,-0.44,0.25,Earth Spirit
4789,-0.19,0.06,0.06,Ecoscience
4800,-0.31,-0.44,0.63,Earth Spirit
4801,-0.13,0.38,0.13,Ecoscience
4802,-0.38,-0.50,-0.19,Earth Spirit
4803,-0.25,0.25,-0.19,Ecoscience
4804,-0.50,-0.25,-0.50,Earth Spirit
4805,-0.06,0.06,0.06,Ecoscience
4806,-0.63,0.19,-0.31,Ecoscience
4807,-0.06,0.13,-0.06,Ecoscience
4808,-0.06,0.13,-0.31,Ecoscience
4810,-0.25,0.44,0.38,Ecoscience
4811,-0.81,-0.31,0.31,Earth Spirit
4812,-0.19,0.31,-0.25,Ecoscience
4816,-0.13,-0.13,-0.13,Earth Spirit
4817,0.00,0.13,-0.38,Boundary
4819,-0.31,0.06,-0.25,Ecoscience
4820,-0.56,0.13,0.31,Ecoscience
4821,-0.38,-0.19,-0.69,Earth Spirit
4824,0.13,0.31,0.06,Technoprogress
4826,-0.50,-0.19,-0.06,Earth Spirit
4827,-0.44,0.31,0.13,Ecoscience
4828,-0.19,0.56,0.25,Ecoscience
4839,-0.38,-0.13,0.63,Earth Spirit
4841,-0.44,-0.25,0.19,Earth Spirit
4848,-0.25,-0.31,0.06,Earth Spirit
4858,0.00,0.00,0.00,Boundary
4859,-0.44,-0.38,1.00,Earth Spirit
4860,-0.63,-0.25,-0.06,Earth Spirit
4862,0.25,-0.13,-0.13,Traditional Ways
4863,-0.44,-0.13,-0.06,Earth Spirit
4864,0.00,0.00,0.19,Boundary
4865,0.00,0.25,0.06,Boundary
4866,-0.06,-0.19,0.38,Earth Spirit
4867,-0.19,0.19,0.00,Ecoscience
4868,0.00,0.06,0.00,Boundary
4869,-0.38,-0.25,-0.50,Earth Spirit
4870,-0.06,-0.06,0.38,Earth Spirit
4873,-0.31,0.44,0.19,Ecoscience
4874,-0.19,0.13,-0.31,Ecoscience
4875,-0.38,-0.25,-0.13,Earth Spirit
4876,-0.31,0.13,-0.25,Ecoscience
4878,-0.13,0.25,-0.19,Ecoscience
4879,0.06,-0.06,0.00,Traditional Ways
4880,0.06,0.13,0.06,Technoprogress
4881,-0.19,0.38,0.31,Ecoscience
4884,0.13,0.25,0.06,Technoprogress
4886,-0.25,0.06,0.25,Ecoscience
4890,0.00,0.06,-0.38,Boundary
4900,-0.13,-0.13,0.00,Earth Spirit
4901,0.19,0.00,0.13,Boundary
4902,-0.50,-0.13,0.31,Earth Spirit
4903,0.31,0.00,0.13,Boundary
4906,0.19,0.00,0.13,Boundary
4908,0.13,-0.06,-0.50,Traditional Ways
4909,-0.25,-0.25,-0.06,Earth Spirit
4910,-0.13,0.06,0.19,Ecoscience
4911,0.13,-0.38,0.56,Traditional Ways
4912,-0.38,-0.31,0.63,Earth Spirit
4916,-0.06,0.25,0.13,Ecoscience
4917,-0.19,-0.13,-0.06,Earth Spirit
4918,0.13,0.19,0.00,Technoprogress
4920,-0.31,-0.38,0.38,Earth Spirit
4921,-0.25,-0.13,0.19,Earth Spirit
4922,-0.13,-0.50,0.31,Earth Spirit
4923,0.13,0.31,-0.13,Technoprogress
4926,-0.88,-0.44,0.25,Earth Spirit
4928,0.06,0.13,-0.13,Technoprogress
4930,-0.13,-0.25,-0.19,Earth Spirit
4931,-0.31,0.00,0.31,Boundary
4932,0.13,-0.06,0.44,Traditional Ways
4933,0.06,-0.25,0.25,Traditional Ways
4935,-0.50,-0.13,0.44,Earth Spirit
4936,-0.44,-0.13,0.31,Earth Spirit
4937,0.06,-0.06,0.13,Traditional Ways
4938,-0.13,0.31,-0.06,Ecoscience
4939,0.19,0.00,0.06,Boundary
4940,0.56,0.25,-0.25,Technoprogress
4941,-0.06,0.31,-0.31,Ecoscience
4942,-0.19,0.06,0.31,Ecoscience
4943,-0.31,0.31,0.13,Ecoscience
4944,0.06,-0.19,0.00,Traditional Ways
4945,0.25,-0.38,0.19,Traditional Ways
4946,-0.25,0.13,-0.13,Ecoscience
4947,-0.06,0.38,0.00,Ecoscience
4948,0.06,0.19,-0.13,Technoprogress
4949,-0.06,0.13,0.38,Ecoscience
4950,-0.19,0.00,-0.25,Boundary
4951,0.25,0.19,-0.44,Technoprogress
4952,0.00,0.19,0.19,Boundary
4953,-0.13,0.25,0.31,Ecoscience
4954,0.31,0.00,0.00,Boundary
4955,-0.19,0.06,0.31,Ecoscience
4956,-0.06,0.31,0.06,Ecoscience
4957,0.00,-0.50,0.31,Boundary
4958,-0.13,0.06,-0.13,Ecoscience
4959,0.13,-0.13,-0.19,Traditional Ways
4960,0.00,-0.19,-0.06,Boundary
4961,-0.25,-0.06,-0.13,Earth Spirit
4962,-0.06,0.44,-0.25,Ecoscience
4963,-0.06,-0.31,-0.31,Earth Spirit
4965,-0.44,-0.13,0.13,Earth Spirit
4966,-0.13,0.31,0.56,Ecoscience
4967,-0.44,-0.44,-0.25,Earth Spirit
4968,-0.19,0.13,0.00,Ecoscience
4976,0.13,-0.13,0.06,Traditional Ways
4977,0.00,0.06,0.00,Boundary
4979,0.06,0.00,0.13,Boundary
4980,-0.06,-0.06,-0.19,Earth Spirit
4981,-0.06,0.00,0.31,Boundary
4982,0.00,0.00,-0.13,Boundary
4983,-0.13,-0.06,0.31,Earth Spirit
4985,-0.06,0.00,-0.13,Boundary
4990,-0.06,0.00,-0.06,Boundary
4991,-0.13,-0.13,0.19,Earth Spirit
4992,-0.13,0.00,0.19,Boundary
4993,-0.63,-0.56,0.00,Earth Spirit
4994,-0.06,-0.56,0.75,Earth Spirit
4995,-0.44,0.13,0.69,Ecoscience
4996,-0.19,0.00,-0.38,Boundary
4997,0.00,0.25,0.13,Boundary
4998,-0.38,-0.13,0.50,Earth Spirit
5000,-0.13,-0.19,0.13,Earth Spirit
5001,-0.31,-0.25,0.31,Earth Spirit
5002,0.00,-0.50,0.13,Boundary
5003,0.06,0.13,0.00,Technoprogress
5004,-0.25,0.06,-0.19,Ecoscience
5005,0.25,0.44,-0.13,Technoprogress
5006,-0.31,0.06,0.00,Ecoscience
5007,-0.06,0.13,0.00,Ecoscience
5008,0.06,0.13,-0.31,Technoprogress
5009,0.00,0.00,0.00,Boundary
5010,-0.19,-0.06,0.13,Earth Spirit
5011,-0.13,-0.06,-0.06,Earth Spirit
5012,0.06,0.00,0.00,Boundary
5013,-0.19,-0.19,0.19,Earth Spirit
5014,-0.06,0.13,-0.06,Ecoscience
5015,-0.19,0.00,-0.06,Boundary
5016,-0.06,-0.19,-0.19,Earth Spirit
5017,-0.19,-0.13,-0.19,Earth Spirit
5018,-0.06,-0.06,0.13,Earth Spirit
5019,-0.38,0.06,-0.13,Ecoscience
5020,0.00,0.00,0.00,Boundary
5021,0.00,0.44,-0.06,Boundary
5022,-0.13,-0.06,-0.06,Earth Spirit
5023,0.06,0.00,0.00,Boundary
5024,0.13,0.00,-0.25,Boundary
5025,-0.13,0.13,-0.44,Ecoscience
5026,-0.19,0.06,0.94,Ecoscience
5027,-0.44,0.63,0.69,Ecoscience
5028,-0.38,0.00,-0.06,Boundary
5029,-0.13,-0.56,-0.19,Earth Spirit
5031,-0.31,-0.38,-0.56,Earth Spirit
5032,-0.56,-0.31,0.69,Earth Spirit
5033,-0.56,-0.31,0.69,Earth Spirit
5034,0.31,0.06,0.69,Technoprogress
5035,-0.50,-0.31,0.63,Earth Spirit
5036,0.00,-0.13,-0.69,Boundary
5037,-0.44,0.00,0.94,Boundary
5038,0.19,-0.19,-0.13,Traditional Ways
5039,-0.38,-0.19,0.69,Earth Spirit
5040,-0.38,-0.13,0.50,Earth Spirit
5041,0.00,-0.19,0.19,Boundary
5042,-0.13,0.06,0.13,Ecoscience
5043,-0.31,-0.25,0.13,Earth Spirit
5044,-0.13,0.06,0.69,Ecoscience
5045,-0.25,0.13,-0.31,Ecoscience
5046,0.25,-0.13,0.13,Traditional Ways
5047,0.00,-0.25,-0.06,Boundary
5049,-0.44,-0.31,0.31,Earth Spirit
5050,0.13,0.06,-0.19,Technoprogress
5051,-0.06,0.13,0.44,Ecoscience
5054,-0.19,-0.25,0.25,Earth Spirit
5055,-0.50,-0.13,-0.25,Earth Spirit
5056,0.19,0.00,0.69,Boundary
5057,0.00,-0.31,0.75,Boundary
5058,-0.69,-0.69,0.88,Earth Spirit
5059,-0.19,0.44,-0.31,Ecoscience
5060,-0.25,-0.25,1.00,Earth Spirit
5061,-0.56,-0.13,0.50,Earth Spirit
5062,-0.31,0.63,0.69,Ecoscience
5063,-0.19,0.13,0.38,Ecoscience
5064,-0.13,-0.56,-0.13,Earth Spirit
5065,0.19,0.00,-0.31,Boundary
5066,-0.38,-0.06,0.81,Earth Spirit
5067,-0.13,-0.25,-0.19,Earth Spirit
5068,-0.31,-0.06,-0.44,Earth Spirit
5070,-0.13,-0.31,0.00,Earth Spirit
5071,-0.06,0.31,-0.38,Ecoscience
5073,-0.63,0.25,-0.31,Ecoscience
5074,-0.25,0.19,0.38,Ecoscience
5075,-0.63,-0.25,-0.56,Earth Spirit
5076,-0.31,-0.31,0.19,Earth Spirit
5077,-0.63,-0.50,0.75,Earth Spirit
5078,-0.63,-0.13,0.75,Earth Spirit
5079,-0.13,-0.06,-0.13,Earth Spirit
5080,-0.56,-0.06,0.19,Earth Spirit
5081,-0.31,-0.38,-0.31,Earth Spirit
5082,-0.81,-1.00,-0.38,Earth Spirit
5083,0.13,0.00,-0.06,Boundary
5085,-0.44,-0.31,0.19,Earth Spirit
5086,0.00,0.00,-0.19,Boundary
5087,-0.31,-0.13,0.56,Earth Spirit
5088,0.19,-0.56,0.69,Traditional Ways
5089,-0.50,-0.38,0.94,Earth Spirit
5090,-0.69,0.38,0.63,Ecoscience
5092,-0.44,-0.06,0.44,Earth Spirit
5093,0.00,0.19,0.31,Boundary
5094,0.13,0.00,0.81,Boundary
5095,-0.38,-0.06,0.56,Earth Spirit
5096,-0.38,0.13,-0.38,Ecoscience
5097,-0.31,-0.06,0.63,Earth Spirit
5098,-0.63,-0.19,0.38,Earth Spirit
5099,-0.25,-0.13,0.13,Earth Spirit
5100,-0.19,0.13,-0.38,Ecoscience
5103,-0.13,0.06,0.38,Ecoscience
5104,-0.19,0.44,0.56,Ecoscience
5105,-0.06,-0.38,0.25,Earth Spirit
5106,-0.38,-0.44,0.06,Earth Spirit
5107,0.00,-0.44,-0.25,Boundary
5108,0.00,-0.44,-0.25,Boundary
5109,-0.13,-0.38,0.81,Earth Spirit
5110,-0.19,-0.13,0.13,Earth Spirit
5111,-0.81,-0.44,0.13,Earth Spirit
5113,-0.13,0.00,-0.25,Boundary
5114,-0.19,-0.13,0.19,Earth Spirit
5115,0.06,0.13,-0.13,Technoprogress
5116,-0.63,-0.31,0.44,Earth Spirit
5117,-0.38,0.00,0.06,Boundary
5118,-0.06,-0.31,0.75,Earth Spirit
5119,0.00,-0.13,-0.06,Boundary
5121,0.38,-0.31,-0.44,Traditional Ways
5122,-0.13,0.31,0.19,Ecoscience
5123,-0.50,-0.56,0.56,Earth Spirit
5124,-0.19,-0.25,-0.06,Earth Spirit
5125,-0.56,-0.25,0.56,Earth Spirit
5126,-0.63,0.13,0.19,Ecoscience
5127,-0.19,0.13,-0.19,Ecoscience
5128,-0.25,0.31,0.81,Ecoscience
5129,-0.44,-0.25,0.75,Earth Spirit
5130,0.13,0.19,0.63,Technoprogress
5131,0.00,-0.13,0.00,Boundary
5132,0.19,0.13,-0.13,Technoprogress
5133,0.00,0.13,0.19,Boundary
5134,-0.38,0.13,0.13,Ecoscience
5138,-0.06,-0.19,0.06,Earth Spirit
5139,-0.13,0.06,0.44,Ecoscience
5140,0.00,0.00,0.94,Boundary
5141,-0.31,-0.38,0.31,Earth Spirit
5144,-0.44,-0.31,0.81,Earth Spirit
5145,-0.31,-0.38,0.75,Earth Spirit
5146,-0.50,0.13,0.75,Ecoscience
5147,0.00,0.06,0.00,Boundary
5148,-0.06,-0.19,0.56,Earth Spirit
5149,-0.19,0.19,0.00,Ecoscience
5150,0.00,0.19,-0.06,Boundary
5151,-0.19,-0.19,-0.56,Earth Spirit
5152,0.13,0.19,-0.06,Technoprogress
5153,0.06,0.06,0.19,Technoprogress
5154,-0.13,0.00,0.13,Boundary
5155,0.00,0.06,0.31,Boundary
5156,-0.19,-0.31,0.38,Earth Spirit
5157,-0.25,0.00,0.00,Boundary
5158,-0.31,-0.38,0.88,Earth Spirit
5160,0.38,-0.31,-0.44,Traditional Ways
5161,-0.63,-0.50,0.19,Earth Spirit
5162,-0.06,0.13,-0.25,Ecoscience
5163,-0.13,-0.25,-0.06,Earth Spirit
5164,0.19,0.25,0.50,Technoprogress
5165,-0.69,-0.06,-0.13,Earth Spirit
5166,0.00,0.44,0.25,Boundary
5167,-0.13,-0.50,-0.31,Earth Spirit
5170,0.19,0.63,0.13,Technoprogress
5171,-0.50,0.13,0.56,Ecoscience
5177,-0.69,-0.25,1.00,Earth Spirit
5178,0.19,-0.44,0.69,Traditional Ways
5179,-0.56,0.31,0.13,Ecoscience
5181,-0.50,-0.38,0.75,Earth Spirit
5184,-0.31,-0.44,0.56,Earth Spirit
5185,0.19,-0.38,0.81,Traditional Ways
5186,-0.75,-0.56,0.25,Earth Spirit
5187,-0.31,-0.50,0.88,Earth Spirit
5188,0.06,0.50,0.50,Technoprogress
5189,-0.06,-0.06,0.56,Earth Spirit
5190,-0.44,0.06,-0.25,Ecoscience
5191,-0.13,-0.50,0.19,Earth Spirit
5193,-0.19,0.00,0.75,Boundary
5194,-0.88,-0.25,0.38,Earth Spirit
5195,-0.75,0.00,0.31,Boundary
5196,-0.38,0.00,0.38,Boundary
5197,-0.44,0.13,0.31,Ecoscience
5198,-0.63,-0.13,0.69,Earth Spirit
5199,-0.19,-0.06,0.19,Earth Spirit
5200,0.06,0.00,0.00,Boundary
5201,0.06,0.63,0.25,Technoprogress
5202,0.31,-0.44,0.25,Traditional Ways
5203,0.31,0.00,0.81,Boundary
5204,0.19,-0.38,0.81,Traditional Ways
5205,-0.69,-0.81,0.00,Earth Spirit
5206,-0.38,-0.25,0.25,Earth Spirit
5207,-0.38,0.31,0.44,Ecoscience
5210,-0.25,-0.19,-0.19,Earth Spirit
5212,-0.31,-0.25,-0.13,Earth Spirit
5213,-0.88,-1.00,-0.56,Earth Spirit
5214,-0.13,-0.38,-0.19,Earth Spirit
5219,-0.06,0.00,-0.44,Boundary
5221,-0.50,0.19,0.25,Ecoscience
5224,-0.56,-0.19,-0.31,Earth Spirit
5227,-0.06,-0.06,0.19,Earth Spirit
5228,0.06,-0.06,-0.19,Traditional Ways
5229,0.25,-0.25,-0.25,Traditional Ways
5233,0.00,-0.31,-0.31,Boundary
5234,-0.31,0.00,0.38,Boundary
5237,-0.19,0.19,0.00,Ecoscience
5238,0.00,0.13,-0.56,Boundary
5240,-0.69,-0.19,0.56,Earth Spirit
5241,-0.31,-0.06,-0.06,Earth Spirit
5242,-0.50,-0.38,-0.25,Earth Spirit
5243,-0.50,-0.13,-0.31,Earth Spirit
5246,-0.44,-0.13,-0.38,Earth Spirit
5247,-0.56,-0.06,0.00,Earth Spirit
5248,-0.38,-0.31,-0.75,Earth Spirit
5250,-0.44,-0.31,0.19,Earth Spirit
5251,-0.06,0.31,-0.25,Ecoscience
5254,-0.31,-0.25,-0.38,Earth Spirit
5256,-0.19,0.19,-0.38,Ecoscience
5257,-0.19,0.13,-0.06,Ecoscience
5262,-0.25,-0.38,0.56,Earth Spirit
5263,-0.88,-0.63,0.63,Earth Spirit
5264,-0.25,-0.06,-0.31,Earth Spirit
5265,0.13,0.06,-0.06,Technoprogress
5266,-0.13,0.13,0.19,Ecoscience
5269,-0.31,-0.25,-0.13,Earth Spirit
5271,-0.13,-0.13,-0.13,Earth Spirit
5275,-0.13,0.13,0.00,Ecoscience
5277,-0.13,0.25,-0.38,Ecoscience
5279,-0.25,-0.25,-0.44,Earth Spirit
5280,-0.19,0.50,-0.25,Ecoscience
5286,-0.19,0.00,0.38,Boundary
5290,-0.38,-0.06,0.25,Earth Spirit
5292,0.25,-0.13,0.13,Traditional Ways
5295,-0.69,-0.56,-0.50,Earth Spirit
5299,-0.19,0.06,-0.44,Ecoscience
5304,-0.19,-0.50,-0.06,Earth Spirit
5308,-0.44,-0.13,-0.06,Earth Spirit
5309,-0.50,-0.31,-0.31,Earth Spirit
5312,-0.56,-0.13,-0.31,Earth Spirit
5313,-0.56,-0.13,-0.19,Earth Spirit
5314,0.50,0.81,0.25,Technoprogress
5315,0.00,0.19,-0.13,Boundary
5316,0.00,-0.38,-0.31,Boundary
5318,0.50,0.38,0.63,Technoprogress
5319,-0.25,0.00,-0.13,Boundary
5320,0.19,-0.06,-0.13,Traditional Ways
5322,-0.25,0.13,-0.19,Ecoscience
5323,-0.44,0.44,-0.06,Ecoscience
5325,0.19,0.13,0.06,Technoprogress
5329,0.00,0.31,0.25,Boundary
5330,0.44,-0.06,-0.13,Traditional Ways
5331,-0.25,0.25,0.00,Ecoscience
5334,-0.50,0.50,0.88,Ecoscience
5339,-0.50,0.44,-0.19,Ecoscience
5340,0.13,-0.19,0.06,Traditional Ways
5343,0.31,0.88,-0.13,Technoprogress
5344,-0.56,0.44,-0.31,Ecoscience
5345,-0.50,0.88,0.88,Ecoscience
5349,-0.44,0.00,-0.38,Boundary
5351,0.00,-0.56,-0.25,Boundary
5355,0.06,0.13,0.06,Technoprogress
5356,-0.06,-0.06,0.19,Earth Spirit
5357,-0.44,0.00,-0.44,Boundary
5359,-1.00,-0.44,-0.50,Earth Spirit
5360,-0.31,0.06,-0.25,Ecoscience
5362,-0.69,-0.19,-0.38,Earth Spirit
5365,-0.50,0.00,0.50,Boundary
5367,0.06,-0.06,0.13,Traditional Ways
5372,-0.81,-0.31,-0.38,Earth Spirit
5373,-0.81,-0.38,-0.56,Earth Spirit
5374,-0.75,-0.25,-0.44,Earth Spirit
5377,-0.31,-0.31,-0.25,Earth Spirit
5380,0.50,1.00,0.44,Technoprogress
5381,-0.25,-0.31,0.06,Earth Spirit
5382,-0.31,0.38,0.19,Ecoscience
5385,0.19,0.50,0.25,Technoprogress
5386,0.00,0.00,-0.25,Boundary
5387,-0.31,-0.25,0.31,Earth Spirit
5389,0.06,0.25,-0.13,Technoprogress
5395,0.13,-0.31,0.13,Traditional Ways
5403,-0.06,-0.06,0.19,Earth Spirit
5406,-0.06,0.81,0.38,Ecoscience
5408,0.31,0.00,-0.31,Boundary
5409,-0.31,0.38,0.38,Ecoscience
5410,-0.13,-0.06,-0.06,Earth Spirit
5411,0.06,0.19,-0.06,Technoprogress
5412,-0.31,0.69,0.63,Ecoscience
5414,-0.19,-0.31,-0.25,Earth Spirit
5418,-0.63,0.19,0.00,Ecoscience
5420,-0.25,0.13,-0.25,Ecoscience
5421,-0.19,-0.38,-0.13,Earth Spirit
5434,-0.13,0.31,0.00,Ecoscience
5438,0.06,-0.06,-0.19,Traditional Ways
5442,-0.13,0.00,0.00,Boundary
5443,-0.13,0.31,-0.19,Ecoscience
5444,-0.13,0.31,0.25,Ecoscience
5445,-0.13,-0.06,-0.06,Earth Spirit
5449,-0.63,-0.13,0.25,Earth Spirit
5450,-0.19,0.94,0.00,Ecoscience
5451,-0.06,0.31,-0.19,Ecoscience
5453,-0.06,0.13,0.25,Ecoscience
5454,-0.06,-0.06,0.06,Earth Spirit
5458,0.25,0.25,0.19,Technoprogress
5459,-0.50,-0.13,-0.38,Earth Spirit
5463,0.00,-0.31,0.06,Boundary
5464,-0.19,-0.06,-0.06,Earth Spirit
5465,-0.06,0.19,-0.13,Ecoscience
5466,-0.25,0.19,0.19,Ecoscience
5467,-0.38,-0.13,-0.13,Earth Spirit
5468,-0.31,0.31,-0.19,Ecoscience
5469,-0.56,0.06,-0.31,Ecoscience
5470,0.50,0.81,0.25,Technoprogress
5472,-0.06,0.44,0.25,Ecoscience
5473,-0.19,0.25,0.00,Ecoscience
5476,-0.56,0.38,0.44,Ecoscience
5477,0.06,0.63,0.75,Technoprogress
5478,-0.38,0.00,0.31,Boundary
5479,0.06,-0.25,0.00,Traditional Ways
5480,-0.19,-0.06,-0.19,Earth Spirit
5481,-0.19,-0.25,-0.19,Earth Spirit
5482,-0.31,0.31,0.19,Ecoscience
5483,0.00,0.44,0.25,Boundary
5485,-0.31,0.31,0.75,Ecoscience
5486,-0.19,0.31,0.31,Ecoscience
5487,0.38,1.00,0.19,Technoprogress
5489,0.00,-0.06,-0.06,Boundary
5491,-0.13,-0.13,0.75,Earth Spirit
5492,-0.13,-0.19,-0.13,Earth Spirit
5507,-0.56,0.06,0.31,Ecoscience
5510,-0.50,0.00,0.25,Boundary
5512,-0.19,-0.06,0.13,Earth Spirit
5515,-0.25,-0.19,-0.06,Earth Spirit
5517,-0.31,0.00,-0.13,Boundary
5518,-0.06,0.38,-0.31,Ecoscience
5520,-1.00,0.25,0.31,Ecoscience
5521,-0.19,0.44,0.44,Ecoscience
5524,-0.44,-0.44,0.88,Earth Spirit
5525,0.06,-0.19,-0.19,Traditional Ways
5526,-0.13,-0.13,-0.19,Earth Spirit
5532,0.06,0.06,0.13,Technoprogress
5533,-0.25,-0.06,-0.13,Earth Spirit
5534,-0.25,0.13,-0.31,Ecoscience
5535,0.06,0.13,0.00,Technoprogress
5536,-0.50,-0.13,-0.13,Earth Spirit
5538,0.00,0.00,0.00,Boundary
5539,0.00,-0.06,-0.19,Boundary
5541,0.06,0.19,0.19,Technoprogress
5542,0.00,-0.19,0.56,Boundary
5543,-0.25,0.25,0.06,Ecoscience
5544,0.00,0.25,-0.50,Boundary
5545,-0.50,-0.50,0.88,Earth Spirit
5546,-0.19,0.06,-0.06,Ecoscience
5547,-0.13,0.19,0.00,Ecoscience
5548,-0.44,-0.06,-0.06,Earth Spirit
5549,-0.13,-0.25,-0.31,Earth Spirit
5550,0.13,0.31,0.06,Technoprogress
5552,0.00,0.19,-0.38,Boundary
5553,0.06,0.13,-0.06,Technoprogress
5554,-0.06,-0.13,0.06,Earth Spirit
5555,-0.19,0.13,-0.06,Ecoscience
5556,0.00,-0.19,0.06,Boundary
5557,-0.13,0.19,-0.13,Ecoscience
5558,0.19,-0.13,-0.19,Traditional Ways
5559,-0.19,-0.06,0.38,Earth Spirit
5560,0.06,0.38,-0.25,Technoprogress
5561,0.06,-0.13,0.06,Traditional Ways
5562,-0.44,-0.44,0.94,Earth Spirit
5563,0.00,0.31,0.19,Boundary
5564,-0.25,0.06,0.13,Ecoscience
5566,-0.25,-0.56,0.63,Earth Spirit
5568,-0.25,-0.06,0.00,Earth Spirit
5571,-0.13,0.13,0.19,Ecoscience
5576,-0.63,-0.63,0.44,Earth Spirit
5583,-0.31,-0.31,0.19,Earth Spirit
5593,-0.06,-0.06,0.38,Earth Spirit
5598,-0.75,-0.06,-0.50,Earth Spirit
5601,-0.06,0.19,0.44,Ecoscience
5605,-0.31,-0.06,0.44,Earth Spirit
5625,-0.38,-0.50,-0.25,Earth Spirit
5634,-0.31,-0.50,0.88,Earth Spirit
5648,0.06,-0.13,-0.06,Traditional Ways
5649,-0.13,0.25,-0.25,Ecoscience
5650,-0.31,-0.31,0.50,Earth Spirit
5663,0.13,0.38,-0.31,Technoprogress
5664,-0.13,0.31,0.50,Ecoscience
5665,0.00,-0.19,0.06,Boundary
5666,0.19,-0.19,0.13,Traditional Ways
5667,-0.63,-0.56,0.19,Earth Spirit
5668,-0.56,0.31,0.13,Ecoscience
5669,-0.19,0.19,-0.25,Ecoscience
5670,-0.19,0.06,0.75,Ecoscience
5671,-0.25,0.19,0.19,Ecoscience
5672,-0.06,0.13,0.94,Ecoscience
5673,0.06,-0.38,0.25,Traditional Ways
5674,0.06,-0.19,0.06,Traditional Ways
5679,-0.44,-0.69,-0.94,Earth Spirit
5680,-0.44,-0.69,-0.94,Earth Spirit
5681,-0.75,-0.44,-0.38,Earth Spirit
5682,-0.13,0.19,0.31,Ecoscience
5683,-0.13,-0.50,0.63,Earth Spirit
5684,-0.13,0.06,0.44,Ecoscience
5685,-0.31,-0.19,-0.13,Earth Spirit
5686,0.00,-0.25,0.19,Boundary
5687,-0.25,0.31,-0.25,Ecoscience
5689,0.25,-0.19,0.81,Traditional Ways
5691,-0.25,-0.19,0.69,Earth Spirit
5693,-0.56,-0.31,0.50,Earth Spirit
5694,-0.31,-0.13,0.44,Earth Spirit
5695,-0.38,-0.19,-0.31,Earth Spirit
5696,0.31,-0.25,0.75,Traditional Ways
5698,-0.50,-0.44,-0.31,Earth Spirit
5699,0.50,-0.19,0.63,Traditional Ways
5700,-0.50,0.19,0.38,Ecoscience
5701,-0.38,-0.25,0.38,Earth Spirit
5702,0.00,0.25,-0.25,Boundary
5703,0.00,0.00,0.00,Boundary
5704,-0.44,-0.13,-0.19,Earth Spirit
5705,0.13,0.00,0.75,Boundary
5706,-0.50,-0.13,0.88,Earth Spirit
5707,0.13,0.00,0.75,Boundary
5712,-0.13,-0.19,0.00,Earth Spirit
5713,-0.13,-0.25,0.13,Earth Spirit
5716,0.06,-0.25,0.94,Traditional Ways
5717,-0.06,-0.19,0.94,Earth Spirit
5718,-0.44,0.00,0.13,Boundary
5720,-0.88,-0.13,0.50,Earth Spirit
5724,0.31,0.38,0.19,Technoprogress
5725,-0.19,-0.25,-0.25,Earth Spirit
5727,-0.38,-0.50,0.56,Earth Spirit
5728,-0.31,0.19,0.44,Ecoscience
5729,-0.50,-0.44,0.06,Earth Spirit
5737,-0.38,-0.38,0.31,Earth Spirit
5739,-0.25,-0.50,0.44,Earth Spirit
5745,0.31,-0.13,0.00,Traditional Ways
5746,-0.50,-0.44,0.94,Earth Spirit
5749,-0.19,-0.25,0.75,Earth Spirit
5755,0.00,-0.31,0.31,Boundary
5766,0.00,0.69,0.50,Boundary
5767,-0.06,0.25,0.63,Ecoscience
5768,-0.56,-0.69,-1.00,Earth Spirit
5770,-0.44,-0.19,0.00,Earth Spirit
5772,-0.50,-0.75,0.38,Earth Spirit
5773,-0.25,0.56,-0.56,Ecoscience
5774,0.19,0.06,0.19,Technoprogress
5775,-0.44,-0.13,0.19,Earth Spirit
5776,-0.25,-0.13,0.44,Earth Spirit
5777,-0.25,0.31,0.06,Ecoscience
5780,-0.38,0.38,-0.13,Ecoscience
5782,-0.31,-0.31,-0.44,Earth Spirit
5785,0.13,0.06,0.38,Technoprogress
5786,-0.56,0.00,0.38,Boundary
5789,-0.06,-0.31,0.19,Earth Spirit
5790,-0.25,0.06,0.63,Ecoscience
5791,-0.13,-0.50,0.19,Earth Spirit
5805,-0.50,-0.25,0.69,Earth Spirit
5806,-0.44,0.00,0.81,Boundary
5807,0.13,0.25,0.69,Technoprogress
5810,0.06,-0.50,0.94,Traditional Ways
5811,-0.31,-0.63,0.25,Earth Spirit
5812,-0.56,-0.44,0.94,Earth Spirit
5813,0.06,-0.50,0.25,Traditional Ways
5814,-0.13,0.25,0.13,Ecoscience
5818,-0.44,-0.31,0.44,Earth Spirit
5822,-0.56,-0.50,0.31,Earth Spirit
5823,-0.19,-0.13,0.38,Earth Spirit
5824,-0.56,-0.25,0.44,Earth Spirit
5825,-0.19,0.31,0.44,Ecoscience
5826,-0.38,-0.56,-0.13,Earth Spirit
5827,-0.44,-0.69,-0.06,Earth Spirit
5831,-0.25,0.56,0.19,Ecoscience
5832,-0.44,-0.25,0.31,Earth Spirit
5833,0.19,-0.31,0.31,Traditional Ways
5834,-0.81,-0.31,0.13,Earth Spirit
5835,0.13,0.50,0.38,Technoprogress
5836,-0.69,-0.13,0.69,Earth Spirit
5837,-0.31,-0.56,-0.06,Earth Spirit
5838,-0.56,-0.31,0.75,Earth Spirit
5841,0.06,0.38,0.31,Technoprogress
5842,-0.19,-0.19,0.00,Earth Spirit
5843,-0.69,-0.13,0.25,Earth Spirit
5844,-0.38,0.19,0.13,Ecoscience
5846,-0.13,-0.13,0.94,Earth Spirit
5848,0.25,0.31,-0.31,Technoprogress
5851,-0.19,0.00,0.88,Boundary
5852,-0.38,0.00,-0.19,Boundary
5853,-0.38,-0.19,0.44,Earth Spirit
5854,-0.69,0.31,0.81,Ecoscience
5855,-0.69,0.19,0.19,Ecoscience
5856,-0.19,-0.13,0.19,Earth Spirit
5857,-0.25,-0.06,0.88,Earth Spirit
5858,0.25,-0.38,-0.69,Traditional Ways
5859,-0.13,0.06,-0.06,Ecoscience
5860,0.25,0.38,-0.69,Technoprogress
5861,-0.56,0.06,0.38,Ecoscience
5862,-0.63,0.38,-0.06,Ecoscience
5863,-0.44,0.31,0.06,Ecoscience
5864,-0.31,0.31,-0.19,Ecoscience
5865,-0.44,-0.63,0.88,Earth Spirit
5866,0.00,0.00,0.44,Boundary
5867,-0.31,0.38,0.06,Ecoscience
5868,-0.19,0.19,0.81,Ecoscience
5869,-0.44,-0.69,-0.31,Earth Spirit
5870,-0.38,-0.19,-0.19,Earth Spirit
5871,0.00,0.19,-0.13,Boundary
5872,-0.63,0.13,0.63,Ecoscience
5873,-0.19,-0.13,0.81,Earth Spirit
5874,-0.38,-0.25,0.19,Earth Spirit
5875,-0.75,0.31,0.31,Ecoscience
5876,-0.06,-0.31,-0.25,Earth Spirit
5878,-0.50,-0.31,0.44,Earth Spirit
5879,-0.06,-0.06,0.44,Earth Spirit
5885,-0.50,0.06,0.19,Ecoscience
5886,-0.13,0.00,-0.13,Boundary
5887,-0.44,-0.25,0.13,Earth Spirit
5888,-0.25,0.44,0.69,Ecoscience
5889,-0.13,0.00,-0.19,Boundary
5891,-0.38,0.31,0.50,Ecoscience
5893,-0.31,0.31,0.44,Ecoscience
5895,-0.25,0.44,0.75,Ecoscience
5897,-0.44,0.06,-0.06,Ecoscience
5899,-0.13,-0.19,1.00,Earth Spirit
5902,-0.44,0.06,0.56,Ecoscience
5903,-0.56,-0.25,0.69,Earth Spirit
5905,-0.50,0.06,0.50,Ecoscience
5907,-0.06,-0.13,0.50,Earth Spirit
5908,-0.25,0.06,0.50,Ecoscience
5910,-0.44,-0.31,-0.19,Earth Spirit
5912,-0.13,-0.19,-0.13,Earth Spirit
5913,-0.25,0.06,0.75,Ecoscience
5914,0.06,0.19,0.56,Technoprogress
5917,-0.50,-0.06,0.00,Earth Spirit
5918,-0.13,0.13,0.44,Ecoscience
5919,-0.06,0.00,0.50,Boundary
5923,-0.31,-0.19,0.50,Earth Spirit
5929,-0.06,-0.19,0.81,Earth Spirit
5930,-0.38,-0.19,0.50,Earth Spirit
5932,-0.19,0.31,0.50,Ecoscience
5933,-0.25,0.75,-0.13,Ecoscience
5936,-0.50,-0.19,0.13,Earth Spirit
5937,-0.13,-0.06,0.25,Earth Spirit
5939,-0.13,0.25,0.81,Ecoscience
5940,-0.56,-0.44,0.25,Earth Spirit
5944,-0.38,0.13,0.06,Ecoscience
5946,-0.56,0.19,0.19,Ecoscience
5947,0.00,0.44,0.75,Boundary
5948,-0.44,-0.81,1.00,Earth Spirit
5951,-0.38,-0.06,0.06,Earth Spirit
5952,-0.13,0.75,0.31,Ecoscience
5954,-0.25,-0.06,0.38,Earth Spirit
5956,-0.25,0.19,0.25,Ecoscience
5958,-0.19,0.19,1.00,Ecoscience
5959,-0.31,0.13,0.06,Ecoscience
5960,-0.19,0.19,-0.25,Ecoscience
5962,-0.50,0.25,0.69,Ecoscience
5964,-0.63,-0.94,0.00,Earth Spirit
5967,0.25,0.81,0.69,Technoprogress
5969,0.06,0.31,0.75,Technoprogress
5970,-0.38,0.06,0.88,Ecoscience
5972,-0.19,-0.19,-0.06,Earth Spirit
5974,-0.44,0.13,-0.06,Ecoscience
5977,-0.06,-0.25,0.56,Earth Spirit
5980,-0.06,0.25,0.31,Ecoscience
5981,-0.25,-0.06,-0.19,Earth Spirit
5983,-0.56,-0.06,0.06,Earth Spirit
5986,-0.13,-0.44,0.63,Earth Spirit
5988,0.63,0.44,0.63,Technoprogress
5989,0.06,0.81,0.94,Technoprogress
5992,-0.38,-0.19,0.81,Earth Spirit
5993,-0.38,-0.06,0.31,Earth Spirit
5997,-0.19,0.13,0.56,Ecoscience
5999,-0.44,-0.31,0.31,Earth Spirit
6001,-0.25,0.69,-0.19,Ecoscience
6005,-0.38,-0.19,-0.44,Earth Spirit
6006,-0.31,-0.06,0.63,Earth Spirit
6007,-0.25,0.06,0.06,Ecoscience
6010,-0.88,-0.44,0.88,Earth Spirit
6011,0.31,-0.13,0.81,Traditional Ways
6016,-0.56,-0.25,0.63,Earth Spirit
6017,-0.50,-0.50,0.75,Earth Spirit
6018,-0.25,-0.25,0.38,Earth Spirit
6019,-0.38,-0.13,0.31,Earth Spirit
6020,-0.50,0.13,0.13,Ecoscience
6021,0.38,0.50,0.56,Technoprogress
6023,-0.56,-0.81,0.75,Earth Spirit
6024,-0.63,-0.06,0.25,Earth Spirit
6025,0.13,0.00,0.81,Boundary
6026,-0.38,0.38,0.00,Ecoscience
6028,-0.19,0.13,0.63,Ecoscience
6029,-0.25,0.06,0.50,Ecoscience
6030,-0.25,0.06,0.50,Ecoscience
6031,-0.38,0.00,-0.19,Boundary
6032,-0.06,-0.38,0.56,Earth Spirit
6033,-0.13,0.13,-0.13,Ecoscience
6035,-0.06,0.25,0.13,Ecoscience
6036,-0.38,0.06,0.63,Ecoscience
6037,-0.19,0.00,-0.06,Boundary
6038,-0.50,-0.06,0.50,Earth Spirit
6039,-0.19,0.00,0.06,Boundary
6040,-0.25,-0.31,-0.31,Earth Spirit
6044,-0.38,-0.25,-0.38,Earth Spirit
6045,-0.19,-0.25,0.88,Earth Spirit
6046,-0.13,-0.06,-0.50,Earth Spirit
6047,0.06,0.06,0.19,Technoprogress
6048,-0.25,-0.25,-0.19,Earth Spirit
6049,-0.75,-0.56,0.38,Earth Spirit
6050,-0.19,-0.13,-0.13,Earth Spirit
6051,-0.19,-0.38,0.31,Earth Spirit
6052,-0.13,-0.19,-0.31,Earth Spirit
6053,-0.38,-0.63,0.00,Earth Spirit
6055,-0.56,-0.25,0.19,Earth Spirit
6057,-0.25,-0.19,-0.38,Earth Spirit
6058,-0.31,-0.13,0.13,Earth Spirit
6060,-0.44,0.00,0.13,Boundary
6062,-0.06,0.00,-0.06,Boundary
6063,-0.25,-0.31,-0.31,Earth Spirit
6064,0.00,0.00,0.31,Boundary
6065,0.50,-0.19,-0.50,Traditional Ways
6067,-0.13,-0.06,-0.38,Earth Spirit
6068,-0.25,-0.38,0.13,Earth Spirit
6069,-0.25,-0.06,-0.25,Earth Spirit
6070,0.06,-0.63,0.31,Traditional Ways
6092,-0.44,-0.19,-0.38,Earth Spirit
6093,-0.44,-0.38,-0.25,Earth Spirit
6095,-0.19,0.38,0.06,Ecoscience
6096,-0.25,-0.06,0.19,Earth Spirit
6097,-0.38,0.06,0.44,Ecoscience
6100,-0.50,0.56,0.50,Ecoscience
6102,0.00,0.31,0.50,Boundary
6103,0.06,-0.31,0.00,Traditional Ways
6105,-0.25,0.44,0.63,Ecoscience
6106,-0.13,-0.50,0.75,Earth Spirit
6109,-0.19,-0.25,0.88,Earth Spirit
6112,-0.19,0.31,0.69,Ecoscience
6113,-0.38,-0.50,-0.06,Earth Spirit
6118,-0.50,-0.13,0.31,Earth Spirit
6121,0.00,0.31,-0.06,Boundary
6122,-0.56,-0.38,-0.44,Earth Spirit
6124,-0.13,0.31,0.38,Ecoscience
6126,0.00,0.00,0.63,Boundary
6130,-0.31,-0.19,0.31,Earth Spirit
6132,-0.13,-0.44,0.38,Earth Spirit
6134,0.00,0.06,-0.25,Boundary
6137,-0.50,-0.06,0.69,Earth Spirit
6140,0.00,0.00,0.00,Boundary
6142,0.13,0.00,0.25,Boundary
6143,-0.31,0.13,0.19,Ecoscience
6145,-0.25,-0.13,0.25,Earth Spirit
6146,-0.50,-0.06,0.44,Earth Spirit
6147,0.00,-0.38,0.50,Boundary
6149,0.00,-0.31,-0.06,Boundary
6150,-0.38,0.00,0.13,Boundary
6151,-0.31,-0.25,0.06,Earth Spirit
6152,-0.50,-0.19,0.56,Earth Spirit
6153,-0.06,0.25,0.19,Ecoscience
6154,0.13,0.06,-0.31,Technoprogress
6155,-0.06,-0.44,-0.31,Earth Spirit
6158,-0.19,0.00,0.00,Boundary
6162,-0.25,-0.06,-0.19,Earth Spirit
6165,-0.19,-0.31,-0.38,Earth Spirit
6166,0.00,-0.13,-0.25,Boundary
6168,-0.50,-0.38,-0.25,Earth Spirit
6170,-0.56,-0.19,-0.50,Earth Spirit
6171,0.00,0.44,0.75,Boundary
6172,-0.44,0.19,0.38,Ecoscience
6174,-0.38,-0.06,0.63,Earth Spirit
6175,-0.44,0.06,0.25,Ecoscience
6177,-0.06,0.00,0.63,Boundary
6178,-0.81,-0.88,1.00,Earth Spirit
6179,-0.50,-0.13,0.38,Earth Spirit
6181,-0.56,0.13,0.63,Ecoscience
6183,-0.44,0.31,0.88,Ecoscience
6184,-0.63,-0.13,0.38,Earth Spirit
6185,-0.19,-0.19,0.44,Earth Spirit
6186,-0.63,0.06,0.06,Ecoscience
6189,0.13,0.00,0.25,Boundary
6192,0.06,0.19,0.00,Technoprogress
6194,-0.25,0.31,-0.19,Ecoscience
6196,-0.25,-0.50,0.69,Earth Spirit
6200,-0.19,-0.13,-0.13,Earth Spirit
6201,-0.50,0.81,0.56,Ecoscience
6202,-0.25,-0.06,-0.19,Earth Spirit
6203,0.00,0.13,0.75,Boundary
6205,-0.63,-0.13,-0.13,Earth Spirit
6207,-0.13,-0.06,-0.38,Earth Spirit
6209,-0.13,0.19,0.94,Ecoscience
6210,-0.06,-0.25,0.69,Earth Spirit
6211,-0.25,-0.31,-0.06,Earth Spirit
6213,-0.50,0.06,0.50,Ecoscience
6214,-0.25,-0.06,0.81,Earth Spirit
6215,0.06,0.00,-0.06,Boundary
6216,-0.31,0.00,1.00,Boundary
6224,-0.63,-0.06,0.44,Earth Spirit
6225,0.00,0.31,0.31,Boundary
6230,-0.44,0.38,0.13,Ecoscience
6233,-0.63,-0.44,0.75,Earth Spirit
6234,-0.06,0.31,0.50,Ecoscience
6238,0.25,-0.06,0.56,Traditional Ways
6239,0.13,-0.19,-0.25,Traditional Ways
6240,0.00,0.00,0.50,Boundary
6242,0.06,0.75,0.88,Technoprogress
6244,-0.38,0.06,0.94,Ecoscience
6245,0.13,0.19,0.50,Technoprogress
6246,-0.38,0.19,0.81,Ecoscience
6248,-0.19,0.19,0.44,Ecoscience
6249,-0.19,0.50,0.38,Ecoscience
6250,-0.19,0.00,0.56,Boundary
6251,-0.69,0.13,0.88,Ecoscience
6252,-0.13,-0.19,-0.13,Earth Spirit
6254,-0.31,-0.38,0.13,Earth Spirit
6255,-0.19,-0.06,0.13,Earth Spirit
6257,-0.06,-0.50,0.88,Earth Spirit
6258,-0.25,0.13,0.56,Ecoscience
6259,-0.50,-0.06,0.13,Earth Spirit
6261,-0.25,-0.25,-0.19,Earth Spirit
6262,0.19,-0.31,0.50,Traditional Ways
6263,-0.25,-0.13,1.00,Earth Spirit
6264,-0.19,-0.19,0.50,Earth Spirit
6265,-0.19,0.06,0.19,Ecoscience
6266,0.25,0.19,0.63,Technoprogress
6267,-0.31,-0.38,0.88,Earth Spirit
6268,-0.38,-0.19,0.50,Earth Spirit
6271,-0.06,0.25,0.38,Ecoscience
6273,-0.50,-0.31,0.88,Earth Spirit
6274,0.06,-0.31,-0.25,Traditional Ways
6275,-0.25,0.06,0.06,Ecoscience
6276,-0.50,0.25,0.38,Ecoscience
6277,0.25,0.00,-0.38,Boundary
6278,-0.44,-0.19,0.25,Earth Spirit
6279,-0.25,0.13,-0.06,Ecoscience
6299,-0.13,-0.19,0.38,Earth Spirit
6303,-0.38,0.00,0.00,Boundary
6304,-0.38,0.13,-0.50,Ecoscience
6307,0.13,0.00,-0.06,Boundary
6314,-0.25,-0.38,-0.31,Earth Spirit
6315,-0.25,-0.38,0.56,Earth Spirit
6316,-0.44,0.13,-0.38,Ecoscience
6317,0.19,-0.38,0.75,Traditional Ways
6318,0.25,-0.19,-0.31,Traditional Ways
6321,-0.44,-0.19,0.69,Earth Spirit
6323,-0.38,0.06,-0.63,Ecoscience
6326,-0.25,-0.44,-0.38,Earth Spirit
6328,-0.31,-0.06,0.19,Earth Spirit
6329,-0.38,-0.19,-0.25,Earth Spirit
6330,-0.31,-0.69,-0.44,Earth Spirit
6331,-0.56,-0.31,0.44,Earth Spirit
6332,0.19,-0.13,0.44,Traditional Ways
6333,0.19,-0.19,0.69,Traditional Ways
6334,0.00,-0.25,0.00,Boundary
6335,-0.19,0.19,-0.25,Ecoscience
6336,-0.06,0.13,-0.19,Ecoscience
6337,-0.56,0.13,0.75,Ecoscience
6338,-0.19,0.13,0.31,Ecoscience
6339,0.19,0.19,0.75,Technoprogress
6342,-0.19,0.38,0.19,Ecoscience
6343,-0.06,0.25,0.44,Ecoscience
6344,0.06,0.25,-0.44,Technoprogress
6345,-0.13,0.31,0.19,Ecoscience
6346,-0.25,-0.19,0.44,Earth Spirit
6348,-0.06,0.63,0.19,Ecoscience
6349,-0.56,0.00,-0.25,Boundary
6350,-0.31,0.00,0.63,Boundary
6351,0.00,0.50,-0.25,Boundary
6352,0.13,0.06,0.69,Technoprogress
6353,-0.19,-0.06,-0.19,Earth Spirit
6354,-0.38,-0.31,-0.56,Earth Spirit
6355,-0.31,0.06,0.00,Ecoscience
6356,-0.50,-0.50,-0.44,Earth Spirit
6357,0.00,0.06,0.00,Boundary
6358,-0.38,0.31,0.25,Ecoscience
6359,-0.44,-0.13,0.50,Earth Spirit
6361,-0.56,-0.38,0.38,Earth Spirit
6364,-0.19,-0.44,0.88,Earth Spirit
6365,-0.06,0.19,0.81,Ecoscience
6366,-0.38,-0.13,0.69,Earth Spirit
6367,-0.19,-0.44,0.50,Earth Spirit
6368,-0.69,0.13,-0.19,Ecoscience
6369,-0.56,-0.56,0.31,Earth Spirit
6370,-0.19,0.13,0.38,Ecoscience
6371,-0.50,0.19,0.31,Ecoscience
6374,-0.19,0.06,0.56,Ecoscience
6375,0.31,0.56,0.63,Technoprogress
6376,-0.13,0.06,-0.31,Ecoscience
6378,-0.25,0.13,0.31,Ecoscience
6379,-0.44,-0.50,0.56,Earth Spirit
6380,-0.06,0.25,0.00,Ecoscience
6381,0.19,-0.63,0.31,Traditional Ways
6382,-0.06,0.06,0.31,Ecoscience
6383,0.00,0.00,-0.13,Boundary
6384,-0.31,0.13,0.06,Ecoscience
6385,-0.06,-0.13,0.00,Earth Spirit
6386,0.00,-0.19,0.50,Boundary
6389,0.44,0.44,0.06,Technoprogress
6391,0.25,-0.38,0.00,Traditional Ways
6392,-0.38,0.00,0.19,Boundary
6393,-0.19,0.00,0.13,Boundary
6394,-0.13,0.06,0.13,Ecoscience
6395,-0.50,-0.38,-0.19,Earth Spirit
6402,-0.31,0.50,0.44,Ecoscience
6403,0.06,-0.63,0.06,Traditional Ways
6404,-0.44,-0.06,0.25,Earth Spirit
6405,-0.25,-0.19,0.56,Earth Spirit
6407,-0.56,0.13,0.13,Ecoscience
6408,-0.69,0.38,0.13,Ecoscience
6409,-0.56,-0.44,0.56,Earth Spirit
6410,-0.31,-0.06,0.38,Earth Spirit
6411,0.19,0.63,-0.38,Technoprogress
6412,-0.38,0.31,0.31,Ecoscience
6415,0.13,0.00,0.25,Boundary
6419,-0.44,0.31,0.38,Ecoscience
6421,-0.25,-0.31,0.50,Earth Spirit
6423,-0.25,-0.13,0.31,Earth Spirit
6424,-0.31,0.06,0.25,Ecoscience
6425,-0.19,-0.06,0.56,Earth Spirit
6427,0.00,0.13,0.00,Boundary
6430,-0.31,-0.06,0.25,Earth Spirit
6431,-0.25,0.00,0.13,Boundary
6433,-0.38,0.56,0.38,Ecoscience
6434,-0.31,-0.13,0.00,Earth Spirit
6440,0.06,0.19,0.25,Technoprogress
6441,-0.31,0.00,-0.38,Boundary
6445,-0.44,-0.25,0.44,Earth Spirit
6447,-0.13,-0.44,0.63,Earth Spirit
6450,-0.38,-0.25,0.38,Earth Spirit
6451,-0.13,-0.06,-0.31,Earth Spirit
6454,-0.13,-0.06,0.31,Earth Spirit
6455,-0.50,0.00,0.44,Boundary
6456,-0.06,-0.44,-0.13,Earth Spirit
6457,-0.13,-0.56,-0.81,Earth Spirit
6458,-0.19,-0.13,-0.19,Earth Spirit
6459,-0.69,-0.44,-0.44,Earth Spirit
6461,0.00,0.00,0.56,Boundary
6462,0.00,0.25,0.19,Boundary
6464,-0.25,0.13,0.06,Ecoscience
6466,-0.25,-0.25,0.63,Earth Spirit
6468,-0.25,0.13,0.75,Ecoscience
6469,-0.56,-0.06,0.06,Earth Spirit
6470,-0.63,-0.13,0.25,Earth Spirit
6471,0.19,0.25,-0.25,Technoprogress
6472,-0.19,0.19,0.00,Ecoscience
6473,-0.25,0.13,0.50,Ecoscience
6476,-0.44,0.38,0.25,Ecoscience
6477,-0.38,-0.25,0.31,Earth Spirit
6480,-0.25,-0.25,0.00,Earth Spirit
6482,-0.25,0.00,0.13,Boundary
6488,-0.56,-0.13,0.38,Earth Spirit
6489,-0.44,0.19,0.75,Ecoscience
6490,-0.25,-0.19,0.75,Earth Spirit
6491,-0.06,-0.13,-0.06,Earth Spirit
6492,-0.38,0.31,0.31,Ecoscience
6493,-0.44,0.38,0.00,Ecoscience
6495,-0.31,0.63,0.56,Ecoscience
6496,0.19,0.19,-0.44,Technoprogress
6498,-0.06,0.00,-0.31,Boundary
6499,-0.25,0.13,0.13,Ecoscience
6500,-0.13,-0.31,-0.31,Earth Spirit
6501,-0.25,0.19,-0.13,Ecoscience
6502,0.06,0.00,-0.56,Boundary
6504,-0.25,-0.31,0.63,Earth Spirit
6505,-0.44,0.06,0.50,Ecoscience
6506,-0.38,-0.13,0.56,Earth Spirit
6507,0.13,-0.25,-0.56,Traditional Ways
6509,0.06,-0.13,-0.06,Traditional Ways
6510,-0.75,-0.75,0.06,Earth Spirit
6511,-0.50,0.06,0.19,Ecoscience
6512,-0.19,-0.31,0.13,Earth Spirit
6513,-0.56,-0.31,0.06,Earth Spirit
6515,-0.25,-0.13,-0.25,Earth Spirit
6516,-0.69,-0.13,0.44,Earth Spirit
6517,-0.50,-0.25,0.19,Earth Spirit
6518,-0.31,-0.06,-0.13,Earth Spirit
6519,-0.06,-0.19,-0.06,Earth Spirit
6520,-0.06,0.13,0.56,Ecoscience
6521,-0.63,-0.31,0.50,Earth Spirit
6522,-0.06,0.38,0.44,Ecoscience
6523,-0.25,-0.19,-0.06,Earth Spirit
6525,0.00,0.00,-0.19,Boundary
6526,-0.25,-0.38,-0.31,Earth Spirit
6527,-0.38,-0.44,0.06,Earth Spirit
6529,-0.50,-0.38,0.38,Earth Spirit
6530,-0.69,-0.56,0.06,Earth Spirit
6531,-0.38,-0.31,0.31,Earth Spirit
6532,-0.19,-0.06,-0.25,Earth Spirit
6533,0.13,-0.44,0.50,Traditional Ways
6534,-0.13,0.06,0.44,Ecoscience
6535,-0.31,-0.25,0.06,Earth Spirit
6537,-0.25,0.00,0.50,Boundary
6539,-0.06,-0.13,-0.13,Earth Spirit
6543,0.13,0.00,0.13,Boundary
6545,0.31,0.63,0.50,Technoprogress
6547,-0.50,0.19,0.50,Ecoscience
6549,-0.06,0.38,0.44,Ecoscience
6551,-0.50,0.44,0.69,Ecoscience
6552,-0.63,-0.25,-0.50,Earth Spirit
6553,-0.06,0.38,-0.38,Ecoscience
6554,-0.13,-0.06,0.25,Earth Spirit
6555,0.06,0.44,0.00,Technoprogress
6556,-0.06,-0.06,-0.38,Earth Spirit
6557,0.13,0.38,0.00,Technoprogress
6558,0.00,0.25,-0.25,Boundary
6559,-0.44,0.00,0.13,Boundary
6560,-0.13,0.00,0.44,Boundary
6561,-0.13,0.00,-0.31,Boundary
6562,-0.50,0.06,0.25,Ecoscience
6563,0.06,0.56,0.44,Technoprogress
6564,-0.25,-0.56,-0.06,Earth Spirit
6565,-0.06,0.25,-0.06,Ecoscience
6567,-0.06,0.50,0.56,Ecoscience
6568,-0.50,-0.25,-0.38,Earth Spirit
6569,-0.13,0.00,0.06,Boundary
6570,-0.19,-0.25,0.44,Earth Spirit
6571,-0.38,-0.19,0.81,Earth Spirit
6572,-0.63,-0.06,-0.13,Earth Spirit
6573,-0.44,0.13,-0.13,Ecoscience
6574,-0.44,0.25,0.13,Ecoscience
6576,-0.19,-0.13,-0.13,Earth Spirit
6577,-0.25,0.25,0.25,Ecoscience
6578,0.13,0.38,-0.38,Technoprogress
6579,0.00,0.06,-0.06,Boundary
6580,-0.44,-0.06,0.00,Earth Spirit
6581,0.06,0.06,-0.44,Technoprogress
6583,0.06,0.00,0.13,Boundary
6584,-0.50,-0.44,0.00,Earth Spirit
6585,0.13,-0.56,0.63,Traditional Ways
6587,-0.19,0.44,0.81,Ecoscience
6588,-0.19,0.44,0.00,Ecoscience
6589,-0.19,0.13,0.19,Ecoscience
6590,0.06,-0.19,0.25,Traditional Ways
6591,-0.31,-0.06,-0.50,Earth Spirit
6592,-0.38,-0.06,0.06,Earth Spirit
6593,-0.63,-0.13,0.06,Earth Spirit
6594,-0.06,0.00,0.00,Boundary
6595,-0.13,-0.31,0.19,Earth Spirit
6596,0.25,-0.38,0.56,Traditional Ways
6597,-0.38,-0.31,0.31,Earth Spirit
6598,-0.06,0.63,0.56,Ecoscience
6599,-0.25,-0.69,-0.50,Earth Spirit
6600,-0.44,-0.19,0.06,Earth Spirit
6601,0.13,0.44,0.50,Technoprogress
6602,-0.56,0.00,0.94,Boundary
6603,0.13,0.06,-0.13,Technoprogress
6607,-0.81,0.69,0.50,Ecoscience
6609,-0.50,-0.44,0.25,Earth Spirit
6611,-0.25,0.56,-0.06,Ecoscience
6612,-0.25,-0.06,0.19,Earth Spirit
6613,0.19,-0.31,0.06,Traditional Ways
6614,0.38,0.38,-0.44,Technoprogress
6615,-0.19,-0.06,-0.19,Earth Spirit
6616,-0.75,0.44,-0.13,Ecoscience
6617,0.19,0.19,-0.06,Technoprogress
6618,0.19,0.19,-0.06,Technoprogress
6619,-0.19,0.31,-0.19,Ecoscience
6620,-0.31,0.13,0.63,Ecoscience
6621,-0.75,0.31,0.25,Ecoscience
6623,-0.63,-0.25,0.13,Earth Spirit
6624,0.25,-0.13,0.25,Traditional Ways
6625,0.19,-0.25,-0.19,Traditional Ways
6626,0.06,-0.25,-0.31,Traditional Ways
6627,0.00,-0.06,-0.06,Boundary
6628,-0.44,-0.13,0.56,Earth Spirit
6629,-0.06,0.31,0.19,Ecoscience
6630,-0.50,-0.25,-0.06,Earth Spirit
6631,-0.38,-0.06,-0.13,Earth Spirit
6633,-0.63,-0.38,0.13,Earth Spirit
6634,-0.19,0.25,0.50,Ecoscience
6635,-0.44,0.19,0.69,Ecoscience
6637,-0.13,0.19,-0.44,Ecoscience
6638,-0.19,0.00,0.31,Boundary
6641,-0.06,0.13,0.00,Ecoscience
6642,-0.19,-0.38,0.38,Earth Spirit
6643,0.19,0.19,0.50,Technoprogress
6644,-0.69,-0.13,0.25,Earth Spirit
6645,-0.25,-0.19,-0.13,Earth Spirit
6648,-0.06,-0.19,0.63,Earth Spirit
6649,0.13,0.00,-0.13,Boundary
6650,-0.06,-0.25,-0.19,Earth Spirit
6651,0.25,0.19,-0.31,Technoprogress
6652,-0.38,-0.13,-0.19,Earth Spirit
6657,-0.38,-0.31,0.56,Earth Spirit
6658,-0.25,0.13,0.13,Ecoscience
6659,-0.06,0.19,-0.13,Ecoscience
6662,-0.13,0.25,0.56,Ecoscience
6663,-0.63,-0.38,0.31,Earth Spirit
6664,-0.06,0.56,0.19,Ecoscience
6666,-0.25,-0.06,0.56,Earth Spirit
6667,-0.56,-0.31,0.06,Earth Spirit
6669,-0.31,0.06,-0.19,Ecoscience
6670,0.19,-0.31,1.00,Traditional Ways
6671,-0.44,-0.44,-0.13,Earth Spirit
6672,0.00,0.44,0.50,Boundary
6674,-0.38,-0.19,0.06,Earth Spirit
6676,0.13,0.00,1.00,Boundary
6677,-0.38,0.31,0.81,Ecoscience
6678,-0.69,-0.19,0.13,Earth Spirit
6679,-0.06,0.00,0.13,Boundary
6687,-0.50,-0.56,0.13,Earth Spirit
6690,0.31,-0.25,-0.19,Traditional Ways
6691,-0.19,-0.25,0.13,Earth Spirit
6692,-0.38,0.13,0.31,Ecoscience
6693,-0.75,-0.25,0.13,Earth Spirit
6694,-0.06,0.13,-0.25,Ecoscience
6695,-0.31,0.13,-0.25,Ecoscience
6696,-0.06,-0.13,-0.19,Earth Spirit
6697,-0.13,-0.44,-0.13,Earth Spirit
6698,-0.19,-0.13,-0.19,Earth Spirit
6699,-0.50,0.19,0.00,Ecoscience
6700,-0.31,0.13,-0.31,Ecoscience
6701,-0.13,-0.06,0.19,Earth Spirit
6702,-0.50,-0.63,0.69,Earth Spirit
6703,-0.06,-0.44,-0.25,Earth Spirit
6704,-0.25,-0.19,-0.50,Earth Spirit
6705,-0.63,0.38,-0.13,Ecoscience
6706,-0.69,0.06,0.31,Ecoscience
6707,-0.06,-0.13,0.00,Earth Spirit
6708,0.19,-0.06,0.38,Traditional Ways
6709,0.06,0.44,0.69,Technoprogress
6710,-0.25,0.06,-0.31,Ecoscience
6711,0.19,-0.25,-0.25,Traditional Ways
6712,-0.44,0.13,0.19,Ecoscience
6713,0.00,0.63,-0.50,Boundary
6714,-0.50,-0.06,0.88,Earth Spirit
6715,-0.06,0.75,0.81,Ecoscience
6716,-0.19,-0.25,0.25,Earth Spirit
6717,-0.44,-0.25,0.25,Earth Spirit
6719,-0.50,-0.69,-0.06,Earth Spirit
6720,-0.44,-0.31,-0.31,Earth Spirit
6721,-0.19,-0.25,-0.44,Earth Spirit
6722,0.13,0.00,-0.13,Boundary
6723,-0.13,-0.06,-0.38,Earth Spirit
6724,-0.13,-0.06,-0.06,Earth Spirit
6726,-0.25,-0.25,-0.13,Earth Spirit
6728,-0.31,0.19,0.63,Ecoscience
6729,0.06,-0.38,-0.75,Traditional Ways
6730,0.44,0.38,0.25,Technoprogress
6731,-0.31,-0.06,-0.25,Earth Spirit
6736,0.06,-0.06,-0.38,Traditional Ways
6738,-0.63,0.06,0.38,Ecoscience
6739,-0.25,-0.13,0.25,Earth Spirit
6740,-0.75,0.00,0.13,Boundary
6741,-0.25,0.00,0.06,Boundary
6746,-0.56,-0.50,0.56,Earth Spirit
6747,-0.06,-0.38,0.94,Earth Spirit
6749,0.19,-0.31,-0.31,Traditional Ways
6750,-0.06,-0.06,-0.31,Earth Spirit
6751,-0.13,0.00,-0.25,Boundary
6752,0.13,0.38,0.13,Technoprogress
6753,-0.19,-0.19,-0.25,Earth Spirit
6754,-0.44,0.00,0.13,Boundary
6757,0.06,0.56,-0.25,Technoprogress
6758,-0.06,0.00,-0.25,Boundary
6760,-0.19,0.31,0.50,Ecoscience
6761,-0.38,0.06,-0.44,Ecoscience
6762,0.19,-0.19,-0.50,Traditional Ways
6763,-0.06,-0.25,-0.31,Earth Spirit
6764,-0.13,-0.13,0.94,Earth Spirit
6765,-0.19,-0.06,0.00,Earth Spirit
6766,-0.25,-0.31,-0.06,Earth Spirit
6767,-0.63,-0.31,-0.75,Earth Spirit
6768,-0.19,0.06,-0.13,Ecoscience
6770,-0.50,0.50,0.38,Ecoscience
6771,-0.13,0.25,-0.13,Ecoscience
6773,0.13,0.00,-0.25,Boundary
6774,-0.56,-0.31,0.50,Earth Spirit
6775,-0.13,-0.06,-0.13,Earth Spirit
6776,-0.69,-0.50,-0.13,Earth Spirit
6777,-0.31,0.44,0.06,Ecoscience
6778,0.13,0.00,0.19,Boundary
6779,-0.38,-0.44,0.88,Earth Spirit
6780,0.19,0.00,0.06,Boundary
6781,-0.81,0.44,0.19,Ecoscience
6784,0.00,-0.06,-0.13,Boundary
6786,-0.63,-0.06,-0.13,Earth Spirit
6787,-0.13,0.06,0.13,Ecoscience
6788,-0.50,0.00,0.13,Boundary
6790,0.19,0.19,0.06,Technoprogress
6791,0.13,0.13,0.13,Technoprogress
6794,-0.38,-0.50,-0.63,Earth Spirit
6797,-0.44,0.13,0.19,Ecoscience
6799,-0.38,-0.19,0.00,Earth Spirit
6800,-0.56,0.19,0.25,Ecoscience
6802,-0.31,0.00,-0.44,Boundary
6805,0.06,0.38,0.50,Technoprogress
6806,-0.06,-0.25,0.63,Earth Spirit
6808,-0.38,-0.25,-0.06,Earth Spirit
6809,-0.13,0.19,0.19,Ecoscience
6812,0.25,0.13,0.31,Technoprogress
6813,-0.50,0.56,0.13,Ecoscience
6814,-0.25,0.25,0.81,Ecoscience
6815,-0.50,0.19,0.81,Ecoscience
6816,0.00,-0.38,-0.44,Boundary
6817,-0.44,0.00,-0.19,Boundary
6819,-0.50,0.06,0.25,Ecoscience
6820,-0.13,0.38,0.63,Ecoscience
6821,-0.25,0.19,0.44,Ecoscience
6822,-0.25,0.31,0.56,Ecoscience
6823,-0.13,0.06,0.63,Ecoscience
6840,-0.44,0.13,0.19,Ecoscience
6848,-0.13,0.00,0.00,Boundary
6850,-0.56,-0.50,0.13,Earth Spirit
6851,0.00,0.25,0.13,Boundary
6852,-0.44,0.13,0.31,Ecoscience
6853,-0.13,0.38,0.25,Ecoscience
6854,-0.13,0.06,0.19,Ecoscience
6855,-0.13,0.13,-0.50,Ecoscience
6856,-0.25,-0.25,-0.19,Earth Spirit
6857,-1.00,-0.50,0.00,Earth Spirit
6859,-0.38,0.06,0.31,Ecoscience
6860,-0.13,-0.06,0.19,Earth Spirit
6861,0.44,0.56,0.31,Technoprogress
6862,-0.13,0.50,0.88,Ecoscience
6863,-0.56,0.13,0.13,Ecoscience
6864,0.00,0.13,0.25,Boundary
6866,0.63,-0.25,0.44,Traditional Ways
6867,-0.31,0.31,0.25,Ecoscience
6868,-0.25,0.19,-0.31,Ecoscience
6870,-0.25,0.19,0.56,Ecoscience
6872,-0.38,0.13,-0.19,Ecoscience
6876,-0.19,-0.38,0.63,Earth Spirit
6877,-0.44,0.50,0.13,Ecoscience
6878,0.31,0.88,0.00,Technoprogress
6880,-0.69,-0.38,0.13,Earth Spirit
6881,-0.13,0.19,0.06,Ecoscience
6884,-0.81,0.19,0.25,Ecoscience
6885,-0.19,-0.13,0.19,Earth Spirit
6886,-0.31,0.38,-0.13,Ecoscience
6887,-0.25,0.19,0.56,Ecoscience
6888,0.00,0.19,-0.25,Boundary
6889,0.19,-0.31,0.44,Traditional Ways
6890,-0.13,0.13,-0.06,Ecoscience
6891,-0.56,-0.50,0.63,Earth Spirit
6892,-0.25,-0.25,0.31,Earth Spirit
6893,-0.13,-0.31,-0.06,Earth Spirit
6894,0.06,0.00,0.44,Boundary
6895,-0.75,-0.38,0.50,Earth Spirit
6896,-0.38,-0.06,0.06,Earth Spirit
6897,-0.44,-0.19,0.00,Earth Spirit
6898,-0.44,-0.38,-0.06,Earth Spirit
6899,-0.38,-0.25,0.44,Earth Spirit
6900,-0.44,-0.13,0.06,Earth Spirit
6901,-0.63,-0.50,-0.13,Earth Spirit
6902,0.06,0.50,0.06,Technoprogress
6903,-0.38,-0.19,0.31,Earth Spirit
6904,-0.88,-0.38,0.81,Earth Spirit
6905,-0.13,-0.38,0.19,Earth Spirit
6906,-0.31,-0.31,0.38,Earth Spirit
6907,-0.69,0.25,-0.13,Ecoscience
6908,-0.63,0.06,0.19,Ecoscience
6909,-0.38,-0.13,0.75,Earth Spirit
6910,-0.25,0.44,0.00,Ecoscience
6911,-0.63,0.06,0.19,Ecoscience
6912,-0.44,-0.38,-0.25,Earth Spirit
6915,-0.13,-0.25,-0.06,Earth Spirit
6916,0.25,0.19,0.56,Technoprogress
6917,-0.63,0.00,0.38,Boundary
6919,-0.25,0.69,0.13,Ecoscience
6920,-0.38,-0.50,-0.44,Earth Spirit
6922,0.94,0.75,-0.88,Technoprogress
6923,0.06,0.13,0.88,Technoprogress
6924,-0.38,0.06,0.63,Ecoscience
6926,-0.25,0.00,0.25,Boundary
6927,-0.31,0.25,0.44,Ecoscience
6928,-0.13,0.00,0.25,Boundary
6929,-0.69,0.13,0.69,Ecoscience
6931,-0.38,-0.25,-0.38,Earth Spirit
6932,-0.56,-0.13,0.38,Earth Spirit
6933,-0.19,-0.44,0.13,Earth Spirit
6934,-0.25,0.56,0.13,Ecoscience
6935,-0.50,-0.25,-0.13,Earth Spirit
6936,-0.31,0.00,0.06,Boundary
6937,-0.44,0.00,-0.50,Boundary
6938,0.13,0.06,-0.13,Technoprogress
6939,-0.06,0.25,-0.06,Ecoscience
6940,0.00,-0.25,-0.19,Boundary
6941,-0.50,-0.06,-0.06,Earth Spirit
6942,0.06,0.31,-0.06,Technoprogress
6943,-0.31,0.31,0.19,Ecoscience
6944,0.00,-0.06,-0.19,Boundary
6945,-0.44,0.13,0.13,Ecoscience
6946,-0.50,-0.06,0.00,Earth Spirit
6947,0.00,0.06,-0.25,Boundary
6948,-0.38,0.13,-0.19,Ecoscience
6949,-0.75,-0.31,0.38,Earth Spirit
6950,-0.44,0.31,-0.13,Ecoscience
6951,-0.50,-0.31,-0.19,Earth Spirit
6952,-0.06,-0.06,-0.19,Earth Spirit
6953,-0.19,-0.25,-0.13,Earth Spirit
6954,-0.50,0.38,0.31,Ecoscience
6955,-0.13,0.06,-0.31,Ecoscience
6956,0.13,-0.31,-0.38,Traditional Ways
6957,-0.50,-0.31,0.44,Earth Spirit
6958,-0.56,-0.31,-0.06,Earth Spirit
6959,-0.13,0.06,-0.06,Ecoscience
6960,0.00,-0.19,0.13,Boundary
6961,-0.25,-0.13,0.13,Earth Spirit
6962,-0.25,-0.25,-0.44,Earth Spirit
6964,-0.13,-0.31,0.75,Earth Spirit
6965,-0.56,-0.13,0.56,Earth Spirit
6976,0.06,0.25,0.50,Technoprogress
6977,-0.13,0.06,-0.06,Ecoscience
6978,0.06,0.00,-0.06,Boundary
6979,-0.06,0.13,0.50,Ecoscience
6980,0.00,-0.19,-0.38,Boundary
6981,-0.38,-0.19,0.63,Earth Spirit
6982,-0.50,-0.19,0.69,Earth Spirit
6983,0.00,0.00,0.56,Boundary
6984,-0.38,0.19,0.94,Ecoscience
6985,-0.06,-0.19,0.38,Earth Spirit
6986,-0.06,-0.06,0.44,Earth Spirit
6987,-0.25,-0.06,0.56,Earth Spirit
6988,-0.44,-0.31,-0.44,Earth Spirit
6989,-0.38,-0.69,0.13,Earth Spirit
6990,-0.31,0.13,0.50,Ecoscience
6992,-0.44,-0.69,0.81,Earth Spirit
6994,-0.13,0.63,0.50,Ecoscience
6995,-0.88,-0.31,-0.31,Earth Spirit
6996,-0.06,-0.13,-0.44,Earth Spirit
6997,-0.56,-0.44,0.31,Earth Spirit
6998,-0.25,0.06,0.13,Ecoscience
6999,-0.25,-0.06,-0.19,Earth Spirit
7000,-0.06,-0.25,-0.13,Earth Spirit
7002,-0.56,-0.13,0.63,Earth Spirit
7003,-0.31,0.25,0.56,Ecoscience
7004,-0.31,0.06,0.38,Ecoscience
7005,-0.25,0.19,0.06,Ecoscience
7006,-0.13,0.38,0.13,Ecoscience
7007,-0.50,-0.19,0.50,Earth Spirit
7008,-0.31,-0.44,-0.13,Earth Spirit
7009,0.31,0.06,0.44,Technoprogress
7010,-0.56,0.06,0.44,Ecoscience
7011,-0.25,0.06,-0.13,Ecoscience
7012,-0.13,-0.06,-0.19,Earth Spirit
7013,0.00,0.13,0.81,Boundary
7014,-0.44,-0.25,0.31,Earth Spirit
7015,-0.63,-0.50,0.44,Earth Spirit
7016,-0.44,0.13,0.06,Ecoscience
7017,-0.50,-0.38,0.13,Earth Spirit
7019,0.06,0.25,-0.06,Technoprogress
7020,0.06,0.31,-0.38,Technoprogress
7021,-0.25,-0.06,-0.31,Earth Spirit
7023,-0.31,-0.19,-0.25,Earth Spirit
7024,-0.31,0.25,-0.13,Ecoscience
7026,-0.38,-0.06,-0.06,Earth Spirit
7027,-0.50,-0.13,0.06,Earth Spirit
7028,-0.44,-0.19,0.50,Earth Spirit
7029,-0.31,-0.31,0.44,Earth Spirit
7030,-0.19,-0.38,0.63,Earth Spirit
7031,-0.50,-0.38,-0.25,Earth Spirit
7032,-0.31,-0.25,-0.63,Earth Spirit
7034,-0.19,0.19,-0.25,Ecoscience
7035,-0.19,0.00,-0.31,Boundary
7037,-0.19,0.31,-0.25,Ecoscience
7038,-0.25,-0.06,0.75,Earth Spirit
7039,-0.19,0.31,0.13,Ecoscience
7041,-0.25,0.25,0.13,Ecoscience
7042,-0.25,0.25,0.13,Ecoscience
7043,-0.31,0.31,0.19,Ecoscience
7044,-0.25,-0.25,0.06,Earth Spirit
7046,-0.25,0.19,0.31,Ecoscience
7051,-0.25,-0.69,-0.38,Earth Spirit
7054,-0.56,0.44,0.63,Ecoscience
7055,0.00,-0.13,-0.31,Boundary
7057,0.13,0.31,0.00,Technoprogress
7058,-0.25,0.56,0.13,Ecoscience
7061,-0.50,0.00,-0.13,Boundary
7062,-0.19,0.06,-0.06,Ecoscience
7064,-0.19,0.13,-0.06,Ecoscience
7066,-0.19,0.19,0.50,Ecoscience
7067,-0.06,-0.25,0.06,Earth Spirit
7072,-0.25,0.00,0.19,Boundary
7073,-0.25,-0.38,-0.38,Earth Spirit
7074,-0.31,-0.06,-0.44,Earth Spirit
7075,-0.06,-0.06,0.06,Earth Spirit
7076,-0.25,0.00,0.25,Boundary
7078,0.13,-0.38,-0.31,Traditional Ways
7079,-0.44,-0.44,0.56,Earth Spirit
7080,-0.06,0.50,0.06,Ecoscience
7081,-0.38,0.19,-0.19,Ecoscience
7082,0.31,-0.19,0.19,Traditional Ways
7083,-0.19,-0.19,0.50,Earth Spirit
7084,-0.19,0.06,0.13,Ecoscience
7085,-0.13,-0.50,0.25,Earth Spirit
7087,-0.69,-0.13,0.44,Earth Spirit
7088,0.06,0.00,0.00,Boundary
7090,-0.06,0.56,0.06,Ecoscience
7091,0.13,0.06,-0.19,Technoprogress
7092,-0.44,-0.38,-0.13,Earth Spirit
7093,-0.19,-0.25,-0.31,Earth Spirit
7094,-0.44,-0.25,-0.44,Earth Spirit
7096,-0.19,-0.44,-0.56,Earth Spirit
7097,-0.31,-0.19,-0.31,Earth Spirit
7098,0.06,0.25,0.50,Technoprogress
7099,-0.25,-0.31,0.13,Earth Spirit
7100,-0.38,-0.25,0.13,Earth Spirit
7101,-0.31,0.13,-0.19,Ecoscience
7103,-0.19,0.13,0.13,Ecoscience
7105,-0.38,-0.13,0.19,Earth Spirit
7107,-0.19,-0.56,0.88,Earth Spirit
7109,0.00,0.38,0.50,Boundary
7110,-0.44,0.13,0.19,Ecoscience
7111,-0.44,-0.69,0.38,Earth Spirit
7113,-0.06,0.38,0.00,Ecoscience
7114,-0.25,-0.19,0.00,Earth Spirit
7119,-0.13,0.06,-0.38,Ecoscience
7120,0.13,0.25,0.81,Technoprogress
7121,-0.69,-0.50,0.13,Earth Spirit
7122,-0.69,-0.25,0.38,Earth Spirit
7123,-0.13,0.00,0.06,Boundary
7124,-0.38,0.06,0.44,Ecoscience
7125,-0.56,0.06,-0.06,Ecoscience
7127,-0.44,0.00,1.00,Boundary
7128,-0.13,-0.13,-0.44,Earth Spirit
7129,-0.50,-0.31,0.06,Earth Spirit
7130,-0.31,0.19,-0.13,Ecoscience
7133,-0.13,-0.25,-0.06,Earth Spirit
7134,-0.25,0.00,0.00,Boundary
7136,-0.13,-0.06,0.88,Earth Spirit
7137,-0.13,0.50,0.13,Ecoscience
7138,-0.38,0.25,0.88,Ecoscience
7139,0.31,0.75,0.25,Technoprogress
7140,-0.13,0.44,-0.75,Ecoscience
7141,0.19,0.06,-0.13,Technoprogress
7145,0.19,0.00,-0.13,Boundary
7147,-0.44,0.13,0.75,Ecoscience
7148,-0.44,0.00,0.50,Boundary
7149,-0.38,-0.31,0.69,Earth Spirit
7150,-0.63,0.00,-0.13,Boundary
7151,0.31,-0.06,0.44,Traditional Ways
7152,0.00,0.19,0.00,Boundary
7153,-0.19,0.50,0.63,Ecoscience
7154,-0.56,-0.38,-0.50,Earth Spirit
7155,-0.69,-0.38,0.31,Earth Spirit
7157,-0.50,0.13,-0.06,Ecoscience
7161,-0.13,-0.06,-0.75,Earth Spirit
7167,-0.19,-0.13,0.63,Earth Spirit
7177,0.06,0.56,0.25,Technoprogress
7178,0.06,-0.06,-0.13,Traditional Ways
7179,0.13,-0.06,-0.19,Traditional Ways
7183,0.13,0.13,0.06,Technoprogress
7187,-0.06,0.00,-0.56,Boundary
7188,-0.19,-0.06,0.19,Earth Spirit
7189,-0.63,0.19,0.06,Ecoscience
7190,-0.63,0.06,0.13,Ecoscience
7193,-0.19,0.13,0.75,Ecoscience
7194,0.06,-0.44,0.75,Traditional Ways
7195,-0.19,-0.06,0.69,Earth Spirit
7196,-0.13,-0.19,0.19,Earth Spirit
7197,-0.38,-0.25,0.25,Earth Spirit
7198,0.13,0.31,0.50,Technoprogress
7199,-0.25,0.00,0.88,Boundary
7200,-0.13,-0.06,0.25,Earth Spirit
7201,-0.44,-0.31,0.69,Earth Spirit
7202,-0.13,0.13,0.69,Ecoscience
7203,-0.56,-0.44,0.63,Earth Spirit
7204,-0.06,-0.38,0.00,Earth Spirit
7205,-0.25,-0.38,-0.63,Earth Spirit
7206,-0.19,-0.69,0.88,Earth Spirit
7207,-0.38,-0.19,0.81,Earth Spirit
7208,-0.38,-0.06,-0.06,Earth Spirit
7209,0.13,0.06,0.50,Technoprogress
7210,-0.19,0.19,-0.31,Ecoscience
7211,-0.75,-0.13,0.38,Earth Spirit
7212,-0.38,0.13,0.31,Ecoscience
7213,-0.44,0.19,0.19,Ecoscience
7214,-0.25,-0.06,0.88,Earth Spirit
7215,-0.31,-0.31,-0.38,Earth Spirit
7216,-0.19,0.56,0.50,Ecoscience
7217,-0.31,-0.06,-0.19,Earth Spirit
7218,-0.31,0.25,0.50,Ecoscience
7219,-0.31,-0.19,-0.31,Earth Spirit
7220,-0.44,-0.19,-0.44,Earth Spirit
7221,-0.19,0.06,-0.13,Ecoscience
7224,-0.13,-0.31,0.25,Earth Spirit
7225,0.06,-0.38,-0.31,Traditional Ways
7226,-0.31,-0.25,-0.13,Earth Spirit
7227,-0.63,0.13,-0.19,Ecoscience
7228,0.19,-0.13,0.31,Traditional Ways
7229,-0.19,-0.25,-0.56,Earth Spirit
7230,-0.63,-0.06,0.25,Earth Spirit
7232,-0.13,0.06,-0.25,Ecoscience
7233,0.31,0.00,0.13,Boundary
7234,0.00,-0.06,0.06,Boundary
7235,0.06,0.00,-0.19,Boundary
7236,0.00,0.00,0.00,Boundary
7237,-0.31,-0.19,0.19,Earth Spirit
7238,-1.00,-1.00,-1.00,Earth Spirit
7239,0.06,-0.13,0.56,Traditional Ways
7240,0.13,-0.19,0.00,Traditional Ways
7243,0.25,-0.13,0.25,Traditional Ways
7246,-0.50,-0.19,-0.81,Earth Spirit
7247,-0.25,-0.06,-0.38,Earth Spirit
7251,-0.56,-0.19,0.31,Earth Spirit
7252,0.06,-0.06,0.69,Traditional Ways
7253,-0.25,-0.31,0.13,Earth Spirit
7255,-0.38,-0.38,0.25,Earth Spirit
7256,-0.06,0.25,-0.25,Ecoscience
7257,0.25,0.44,0.00,Technoprogress
7259,0.31,0.13,0.00,Technoprogress
7261,-0.25,0.13,-0.06,Ecoscience
7264,-0.19,0.38,-0.13,Ecoscience
7266,-0.13,0.13,0.19,Ecoscience
7267,-0.19,-0.19,-0.25,Earth Spirit
7269,-0.13,0.06,0.56,Ecoscience
7271,-0.31,0.19,0.00,Ecoscience
7272,-0.06,-0.25,0.38,Earth Spirit
7273,-0.50,0.00,0.00,Boundary
7274,-0.38,-0.19,-0.38,Earth Spirit
7275,-0.06,0.13,-0.31,Ecoscience
7276,-0.38,-0.06,0.19,Earth Spirit
7277,-0.50,0.06,-0.06,Ecoscience
7278,-0.31,0.19,0.69,Ecoscience
7279,-0.13,-0.31,0.69,Earth Spirit
7280,-0.25,0.31,0.63,Ecoscience
7282,0.00,0.06,0.44,Boundary
7283,0.06,-0.38,-0.06,Traditional Ways
7284,-0.25,-0.13,0.25,Earth Spirit
7286,-0.19,0.13,-0.13,Ecoscience
7291,-0.25,-0.13,0.25,Earth Spirit
7292,-0.56,-0.56,-0.38,Earth Spirit
7293,-0.44,0.06,0.69,Ecoscience
7294,-0.13,-0.06,-0.63,Earth Spirit
7295,-0.06,-0.19,-0.19,Earth Spirit
7296,0.31,0.44,0.56,Technoprogress
7299,-0.13,-0.13,-0.13,Earth Spirit
7302,-0.38,0.75,-0.13,Ecoscience
7303,0.00,0.13,0.75,Boundary
7307,-0.56,-0.38,-0.69,Earth Spirit
7309,0.00,-0.06,-0.06,Boundary
7310,-0.69,0.00,0.50,Boundary
7312,-0.50,-0.19,0.00,Earth Spirit
7313,-0.19,-0.38,0.94,Earth Spirit
7317,-0.50,-0.25,0.31,Earth Spirit
7318,-0.19,-0.38,0.50,Earth Spirit
7320,-0.06,0.19,-0.31,Ecoscience
7322,-0.13,-0.06,0.31,Earth Spirit
7323,-0.38,0.25,0.25,Ecoscience
7324,-0.31,0.06,-0.06,Ecoscience
7325,-0.06,-0.25,0.94,Earth Spirit
7326,0.13,0.63,-0.44,Technoprogress
7328,0.13,0.19,0.44,Technoprogress
7330,-0.31,-0.13,-0.44,Earth Spirit
7331,0.00,0.25,0.56,Boundary
7332,-0.31,0.19,0.25,Ecoscience
7334,0.00,0.25,0.25,Boundary
7335,-0.50,0.13,0.31,Ecoscience
7336,0.13,0.31,0.63,Technoprogress
7337,0.06,0.50,0.69,Technoprogress
7338,-0.50,-0.31,0.56,Earth Spirit
7339,0.31,0.75,-0.44,Technoprogress
7340,0.06,0.44,0.38,Technoprogress
7341,0.06,0.50,0.31,Technoprogress
7342,0.06,0.13,0.44,Technoprogress
7344,-0.31,-0.19,-0.44,Earth Spirit
7345,-0.44,-0.06,-0.06,Earth Spirit
7347,-0.81,-0.44,0.81,Earth Spirit
7348,-0.69,-0.13,0.25,Earth Spirit
7351,-0.38,-0.13,-0.13,Earth Spirit
7352,-0.63,0.00,-0.06,Boundary
7354,0.19,0.69,0.38,Technoprogress
7355,0.00,0.19,0.13,Boundary
7357,-0.31,0.06,0.38,Ecoscience
7358,-0.38,-0.13,0.00,Earth Spirit
7359,-0.56,-0.44,-0.25,Earth Spirit
7361,-0.31,-0.44,0.00,Earth Spirit
7363,-0.19,0.31,0.31,Ecoscience
7364,-0.19,-0.31,0.06,Earth Spirit
7366,-0.31,-0.31,0.81,Earth Spirit
7368,-0.56,-0.56,0.31,Earth Spirit
7369,-0.44,-0.06,0.63,Earth Spirit
7370,-1.00,-0.69,-0.19,Earth Spirit
7377,-0.63,-0.13,0.56,Earth Spirit
7381,-0.25,0.25,0.31,Ecoscience
7384,-0.38,-0.31,0.13,Earth Spirit
7386,-0.25,-0.06,0.13,Earth Spirit
7387,-0.13,0.13,0.00,Ecoscience
7388,-0.06,-0.19,-0.31,Earth Spirit
7389,-0.44,0.00,-0.13,Boundary
7391,0.13,0.06,-0.38,Technoprogress
7392,-0.25,-0.31,-0.38,Earth Spirit
7393,-0.50,-0.25,0.88,Earth Spirit
7394,0.00,-0.06,0.06,Boundary
7395,0.00,-0.44,0.13,Boundary
7396,-0.13,0.13,0.00,Ecoscience
7398,0.00,0.13,-0.19,Boundary
7400,-0.50,-0.19,0.00,Earth Spirit
7401,-0.31,-0.19,0.06,Earth Spirit
7402,-0.25,0.44,0.63,Ecoscience
7404,-0.50,-0.75,0.81,Earth Spirit
7407,0.19,-0.50,0.25,Traditional Ways
7408,-0.50,-0.31,0.00,Earth Spirit
7410,-0.19,-0.19,0.19,Earth Spirit
7411,-0.31,-0.38,-0.50,Earth Spirit
7412,-0.06,0.31,0.50,Ecoscience
7413,0.13,0.06,0.06,Technoprogress
7416,-0.56,-0.38,0.63,Earth Spirit
7422,-0.13,0.06,-0.31,Ecoscience
7423,-0.81,-0.50,0.31,Earth Spirit
7424,-0.31,0.19,-0.06,Ecoscience
7425,-0.63,0.25,0.88,Ecoscience
7426,-0.31,0.13,0.63,Ecoscience
7427,0.06,0.13,0.06,Technoprogress
7432,0.06,0.13,0.25,Technoprogress
7437,-0.13,-0.31,0.63,Earth Spirit
7438,-0.50,0.06,-0.31,Ecoscience
7440,0.00,-0.31,0.06,Boundary
7441,-0.56,0.06,0.13,Ecoscience
7448,-0.06,-0.06,0.13,Earth Spirit
7452,-0.13,0.06,0.13,Ecoscience
7453,-0.44,-0.25,-0.25,Earth Spirit
7455,-0.69,0.19,-0.13,Ecoscience
7458,0.13,0.31,-0.25,Technoprogress
7459,-0.19,0.19,-0.31,Ecoscience
7461,-0.50,-0.06,0.50,Earth Spirit
7462,-0.25,-0.06,0.06,Earth Spirit
7463,-0.06,-0.06,-0.50,Earth Spirit
7464,0.00,-0.25,0.25,Boundary
7466,-0.25,-0.06,-0.13,Earth Spirit
7467,-0.56,-0.06,0.06,Earth Spirit
7468,-0.56,0.06,0.44,Ecoscience
7469,-0.44,0.00,-0.38,Boundary
7470,-0.38,0.81,0.19,Ecoscience
7471,0.00,-0.06,0.00,Boundary
7472,-0.44,-0.31,0.19,Earth Spirit
7473,0.00,0.38,0.06,Boundary
7474,-0.44,-0.31,0.19,Earth Spirit
7477,-0.38,0.88,0.25,Ecoscience
7480,0.31,-0.13,-0.19,Traditional Ways
7483,-0.13,-0.25,-0.38,Earth Spirit
7485,-0.06,0.06,0.56,Ecoscience
7487,-0.44,-0.38,0.00,Earth Spirit
7489,0.06,0.25,0.69,Technoprogress
7492,-0.19,-0.50,-0.44,Earth Spirit
7498,0.00,0.00,0.63,Boundary
7500,-0.38,-0.13,0.00,Earth Spirit
7501,-0.81,-0.25,-0.19,Earth Spirit
7503,0.06,-0.19,0.63,Traditional Ways
7507,-1.00,0.44,0.31,Ecoscience
7508,-0.56,0.25,-0.13,Ecoscience
7509,-0.25,0.00,0.19,Boundary
7511,-0.56,0.00,-0.44,Boundary
7512,-0.19,-0.06,0.13,Earth Spirit
7513,-0.69,-0.38,-0.06,Earth Spirit
7514,-0.19,0.00,0.19,Boundary
7515,-0.31,0.13,0.00,Ecoscience
7516,-0.25,0.13,-0.38,Ecoscience
7517,-0.19,0.00,-0.13,Boundary
7518,0.00,0.31,-0.19,Boundary
7519,-0.25,0.00,-0.19,Boundary
7521,-0.19,-0.44,0.69,Earth Spirit
7523,-0.19,-0.19,-0.06,Earth Spirit
7524,-0.31,-0.19,-0.13,Earth Spirit
7525,-0.38,-0.19,-0.06,Earth Spirit
7526,-0.69,0.50,0.88,Ecoscience
7527,-0.38,0.06,0.38,Ecoscience
7528,-0.06,-0.50,0.38,Earth Spirit
7529,-0.31,-0.19,-0.13,Earth Spirit
7530,-0.44,-0.31,-0.31,Earth Spirit
7533,-0.13,0.00,0.38,Boundary
7535,-0.63,-0.25,0.38,Earth Spirit
7542,0.25,-0.38,0.88,Traditional Ways
7543,-0.25,0.63,0.44,Ecoscience
7554,-0.69,-0.31,-0.06,Earth Spirit
7555,-0.13,0.25,-0.44,Ecoscience
7557,-0.50,0.19,0.06,Ecoscience
7560,-0.44,0.13,0.25,Ecoscience
7561,-0.31,0.38,-0.25,Ecoscience
7566,0.25,-0.44,0.88,Traditional Ways
7567,0.25,-0.31,-0.25,Traditional Ways
7570,0.19,-0.38,0.94,Traditional Ways
7573,-0.56,-0.38,0.19,Earth Spirit
7574,-0.56,-0.44,0.31,Earth Spirit
7599,-0.25,-0.38,-0.31,Earth Spirit
7601,-0.63,0.13,0.63,Ecoscience
7607,-0.31,0.13,0.19,Ecoscience
7610,0.25,-0.44,0.00,Traditional Ways
7611,-0.25,0.44,1.00,Ecoscience
7613,0.50,0.44,0.44,Technoprogress
7614,-0.38,-0.19,0.50,Earth Spirit
7617,-0.38,0.44,-0.06,Ecoscience
7619,-0.06,-0.13,-0.25,Earth Spirit
7620,-0.13,-0.31,0.69,Earth Spirit
7621,-0.13,-0.19,-0.13,Earth Spirit
7622,-0.25,0.00,0.31,Boundary
7623,-0.19,0.06,-0.38,Ecoscience
7624,0.19,0.06,-0.31,Technoprogress
7625,-0.13,0.44,0.44,Ecoscience
7628,-0.13,0.06,-0.19,Ecoscience
7629,-0.38,0.31,-0.31,Ecoscience
7630,0.00,0.00,-0.31,Boundary
7631,-0.06,0.00,-0.25,Boundary
7632,-0.31,0.25,-0.19,Ecoscience
7633,-0.31,0.19,-0.25,Ecoscience
7634,0.13,-0.06,-0.19,Traditional Ways
7635,-0.44,0.19,0.88,Ecoscience
7636,-0.44,0.56,0.63,Ecoscience
7637,-0.25,0.75,0.19,Ecoscience
7645,-0.06,0.56,0.50,Ecoscience
7647,0.13,-0.56,0.81,Traditional Ways
7648,0.00,-0.38,0.56,Boundary
7649,-0.19,-0.19,0.25,Earth Spirit
7656,-0.31,0.00,0.44,Boundary
7660,0.06,-0.06,0.06,Traditional Ways
7662,-0.19,-0.31,0.50,Earth Spirit
7675,-0.44,-0.38,0.56,Earth Spirit
7679,-0.25,-0.25,0.19,Earth Spirit
7681,-0.75,-0.75,0.50,Earth Spirit
7682,-0.38,-0.38,0.19,Earth Spirit
7683,-0.50,0.06,0.25,Ecoscience
7686,-0.50,-0.50,0.25,Earth Spirit
7687,0.06,0.63,0.13,Technoprogress
7688,-0.63,-0.06,0.13,Earth Spirit
7690,-0.25,-0.50,-0.06,Earth Spirit
7691,-0.31,-0.50,0.75,Earth Spirit
7692,-0.63,-0.44,-0.13,Earth Spirit
7693,-0.50,-0.31,-0.06,Earth Spirit
7694,-0.25,-0.19,0.75,Earth Spirit
7695,-0.38,-0.31,0.00,Earth Spirit
7697,-0.44,0.00,0.44,Boundary
7698,-0.38,0.13,0.31,Ecoscience
7708,-0.31,0.00,0.13,Boundary
7709,0.19,0.75,0.06,Technoprogress
7710,-0.38,-0.25,0.44,Earth Spirit
7723,-0.06,0.00,-0.19,Boundary
7725,-0.25,-0.31,-0.13,Earth Spirit
7726,-0.19,-0.44,0.44,Earth Spirit
7738,0.50,0.56,0.13,Technoprogress
7757,-0.13,-0.31,0.44,Earth Spirit
7761,-0.63,-0.31,0.69,Earth Spirit
7762,-0.31,0.00,0.88,Boundary
7763,-0.31,0.19,1.00,Ecoscience
7765,0.44,0.50,-0.13,Technoprogress
7769,0.00,0.00,-0.06,Boundary
7770,-0.69,-0.13,0.56,Earth Spirit
7771,-0.50,0.25,-0.25,Ecoscience
7772,-0.06,-0.38,0.38,Earth Spirit
7775,-0.38,0.13,0.13,Ecoscience
7776,-0.19,0.00,-0.06,Boundary
7777,-0.81,-0.38,0.31,Earth Spirit
7778,-0.13,-0.44,0.63,Earth Spirit
7780,-0.69,0.00,-0.25,Boundary
7783,-0.19,-0.31,0.38,Earth Spirit
7784,-0.44,0.19,0.94,Ecoscience
7785,-0.63,0.00,-0.31,Boundary
7786,-0.38,-0.19,0.56,Earth Spirit
7787,-0.31,-0.69,0.69,Earth Spirit
7788,-0.25,-0.25,-0.13,Earth Spirit
7792,-0.19,-0.06,0.63,Earth Spirit
7793,-0.19,-0.44,0.19,Earth Spirit
7814,-0.50,-0.63,0.56,Earth Spirit
7824,-0.19,-0.19,0.06,Earth Spirit
7826,-0.56,-0.25,0.19,Earth Spirit
7828,-0.31,-0.44,0.63,Earth Spirit
7830,-0.25,-0.38,0.00,Earth Spirit
7833,-0.19,0.19,0.56,Ecoscience
7834,-0.38,0.19,-0.06,Ecoscience
7835,-0.44,0.56,0.31,Ecoscience
7836,-0.19,0.25,0.00,Ecoscience
7837,0.00,0.06,0.25,Boundary
7838,0.00,0.44,0.44,Boundary
7839,-0.06,0.81,0.56,Ecoscience
7840,-0.50,0.19,-0.25,Ecoscience
7841,-0.38,0.31,0.06,Ecoscience
7842,0.13,0.38,0.44,Technoprogress
7843,0.00,-0.13,-0.31,Boundary
7846,-0.38,-0.31,0.06,Earth Spirit
7848,0.06,0.31,0.50,Technoprogress
7868,0.06,0.13,0.00,Technoprogress
7932,-0.19,0.44,0.88,Ecoscience
7937,-0.63,-0.44,0.25,Earth Spirit
7942,0.00,-0.13,0.38,Boundary
7943,-0.31,-0.25,-0.13,Earth Spirit
7958,-0.31,-0.13,0.00,Earth Spirit
7962,-0.19,-0.50,0.69,Earth Spirit
7964,0.06,-0.06,-0.19,Traditional Ways
7965,-0.38,-0.44,0.25,Earth Spirit
7968,-0.31,0.00,0.00,Boundary
7972,-0.25,0.25,-0.50,Ecoscience
7974,-0.31,0.13,-0.25,Ecoscience
7975,-0.25,-0.06,-0.44,Earth Spirit
7976,-0.13,0.50,-0.19,Ecoscience
7977,-0.19,-0.31,-0.13,Earth Spirit
7978,-0.06,0.19,-0.13,Ecoscience
7979,-0.31,0.13,-0.38,Ecoscience
7980,0.38,0.19,-0.13,Technoprogress
7982,-0.19,0.13,0.25,Ecoscience
7985,-0.19,0.06,-0.38,Ecoscience
7986,-0.31,0.19,0.13,Ecoscience
7988,-0.50,-0.06,0.06,Earth Spirit
7989,-0.50,0.25,0.44,Ecoscience
7991,-0.56,-0.06,0.56,Earth Spirit
7994,-0.13,0.31,-0.19,Ecoscience
7995,-0.06,-0.38,-0.56,Earth Spirit
7996,0.00,-0.25,-0.38,Boundary
7998,0.00,-0.25,-0.31,Boundary
7999,-0.19,0.06,-0.44,Ecoscience
8000,0.00,0.31,-0.56,Boundary
8001,0.31,0.06,0.25,Technoprogress
8005,-0.13,-0.13,0.00,Earth Spirit
8006,-0.25,-0.38,0.06,Earth Spirit
8008,-0.31,-0.13,-0.25,Earth Spirit
8020,-0.19,0.31,0.38,Ecoscience
8023,-0.13,-0.38,-0.31,Earth Spirit
8035,-0.19,-0.19,0.81,Earth Spirit
8036,-0.31,-0.81,0.88,Earth Spirit
8037,-0.44,-0.38,0.19,Earth Spirit
8041,-0.06,0.38,-0.19,Ecoscience
8042,-0.63,-0.13,0.50,Earth Spirit
8044,0.00,-0.44,0.38,Boundary
8045,-0.44,-0.31,0.25,Earth Spirit
8046,-0.25,-0.44,0.19,Earth Spirit
8047,-0.38,-0.50,0.38,Earth Spirit
8048,-0.31,-0.13,0.88,Earth Spirit
8049,-0.44,0.06,0.44,Ecoscience
8050,0.06,-0.06,-0.13,Traditional Ways
8051,-0.06,0.13,0.50,Ecoscience
8052,-0.38,-0.06,0.13,Earth Spirit
8053,-0.69,0.13,0.31,Ecoscience
8055,-0.06,-0.06,0.19,Earth Spirit
8056,-0.25,0.56,0.44,Ecoscience
8057,-0.50,0.44,0.38,Ecoscience
8059,-0.56,-0.63,-0.13,Earth Spirit
8060,0.13,-0.38,0.13,Traditional Ways
8061,-0.56,-0.38,0.81,Earth Spirit
8062,-0.19,0.13,-0.13,Ecoscience
8064,-0.38,-0.25,0.75,Earth Spirit
8072,-0.19,-0.06,0.44,Earth Spirit
8081,-0.19,0.06,-0.31,Ecoscience
8083,-0.25,0.31,-0.38,Ecoscience
8087,-0.44,-0.19,0.38,Earth Spirit
8116,-0.56,-0.31,0.06,Earth Spirit
8093,-0.19,-0.44,0.56,Earth Spirit
8095,-0.06,-0.25,0.63,Earth Spirit
8096,-0.06,-0.13,0.06,Earth Spirit
8113,0.00,0.00,0.88,Boundary
8121,-0.44,-0.25,0.13,Earth Spirit
8125,-0.31,0.06,0.13,Ecoscience
8126,-0.75,-0.69,0.06,Earth Spirit
8127,-0.50,-0.56,0.31,Earth Spirit
8128,-0.56,-0.19,-0.19,Earth Spirit
8129,0.00,-0.06,0.31,Boundary
8131,-0.06,-0.19,0.63,Earth Spirit
8132,0.00,-0.25,0.50,Boundary
8135,-0.38,-0.19,0.13,Earth Spirit
8136,-0.19,-0.13,0.31,Earth Spirit
8137,0.13,0.00,-0.06,Boundary
8138,-0.19,0.00,0.19,Boundary
8139,-0.19,0.00,0.38,Boundary
8141,-0.13,-0.06,0.38,Earth Spirit
8143,-0.06,0.63,0.75,Ecoscience
8144,-0.13,-0.25,0.94,Earth Spirit
8145,-0.25,0.00,0.06,Boundary
8146,-0.25,-0.31,0.81,Earth Spirit
8147,-0.44,-0.44,0.44,Earth Spirit
8148,0.19,-0.19,0.06,Traditional Ways
8149,-0.31,0.00,0.75,Boundary
8151,-0.19,-0.31,0.88,Earth Spirit
8152,-0.13,-0.06,0.25,Earth Spirit
8154,-0.44,0.06,0.63,Ecoscience
8155,-0.19,-0.06,0.69,Earth Spirit
8158,-0.31,0.00,0.06,Boundary
8159,-0.50,-0.19,0.19,Earth Spirit
8160,-0.44,-0.25,0.25,Earth Spirit
8161,-0.31,-0.19,-0.13,Earth Spirit
8162,-0.44,-0.06,0.56,Earth Spirit
8163,-0.63,-0.06,0.44,Earth Spirit
8164,-0.56,-0.06,0.75,Earth Spirit
8165,-0.13,-0.31,0.31,Earth Spirit
8166,-0.63,-0.19,0.63,Earth Spirit
8167,-0.88,-0.13,-0.19,Earth Spirit
8168,-0.38,-0.13,-0.19,Earth Spirit
8169,0.06,-0.38,0.31,Traditional Ways
8170,-0.25,0.19,0.25,Ecoscience
8171,-0.13,0.31,0.94,Ecoscience
8172,0.06,-0.13,0.56,Traditional Ways
8173,-0.31,-0.25,0.06,Earth Spirit
8175,0.44,-0.06,0.63,Traditional Ways
8176,0.13,0.13,0.38,Technoprogress
8177,-0.88,-0.81,-0.13,Earth Spirit
8178,-0.56,0.25,0.81,Ecoscience
8181,0.00,0.31,0.38,Boundary
8203,-0.19,-0.31,0.00,Earth Spirit
8208,-0.19,-0.25,0.56,Earth Spirit
8238,0.00,-0.19,0.31,Boundary
8244,-0.31,0.25,0.63,Ecoscience
8251,-0.31,0.00,0.38,Boundary
8252,-0.31,0.00,0.38,Boundary
8254,-0.06,0.00,0.38,Boundary
8259,-0.69,-0.44,0.50,Earth Spirit
8264,-0.31,-0.44,0.75,Earth Spirit
8267,-0.56,-0.44,0.25,Earth Spirit
8268,-0.19,0.00,0.38,Boundary
8269,-0.13,0.19,0.38,Ecoscience
8270,0.00,-0.13,0.81,Boundary
8272,-0.06,0.13,0.13,Ecoscience
8274,0.06,-0.25,0.88,Traditional Ways
8276,-0.13,0.13,0.13,Ecoscience
8277,-0.94,-0.06,0.50,Earth Spirit
8278,-0.44,0.19,0.56,Ecoscience
8279,-0.31,-0.19,0.13,Earth Spirit
8281,-0.50,-0.31,0.63,Earth Spirit
8282,0.25,-0.13,0.69,Traditional Ways
8284,0.25,-0.19,0.19,Traditional Ways
8285,-0.56,-0.19,0.06,Earth Spirit
8286,-0.13,-0.06,0.13,Earth Spirit
8288,-0.44,-0.31,0.44,Earth Spirit
8289,-0.69,-0.25,0.38,Earth Spirit
8291,-0.38,-0.13,0.69,Earth Spirit
8292,-0.44,-0.13,0.13,Earth Spirit
8295,-0.81,-0.44,0.94,Earth Spirit
8297,0.00,0.00,0.19,Boundary
8303,-0.25,-0.06,0.50,Earth Spirit
8305,-0.69,-0.06,0.31,Earth Spirit
8311,-0.38,0.00,0.38,Boundary
8315,-0.63,0.56,0.50,Ecoscience
8319,-0.13,0.13,0.56,Ecoscience
8320,-0.38,-0.38,0.94,Earth Spirit
8324,-0.25,0.38,0.81,Ecoscience
8327,-0.25,-0.38,-0.19,Earth Spirit
8328,-0.50,0.13,0.50,Ecoscience
8332,-0.38,0.31,0.88,Ecoscience
8333,-0.50,-0.06,0.38,Earth Spirit
8334,-0.56,-0.06,0.25,Earth Spirit
8336,-0.75,-0.25,-0.13,Earth Spirit
8338,0.06,-0.38,0.19,Traditional Ways
8339,0.06,0.31,-0.25,Technoprogress
8341,-0.63,-0.19,0.13,Earth Spirit
8343,-0.38,-0.13,0.00,Earth Spirit
8346,-0.13,-0.13,0.38,Earth Spirit
8349,0.06,0.00,0.88,Boundary
8352,-0.44,0.19,0.56,Ecoscience
8353,-0.38,0.19,0.31,Ecoscience
8354,-0.38,-0.13,0.00,Earth Spirit
8355,-0.19,0.13,-0.25,Ecoscience
8356,0.00,0.19,0.50,Boundary
8358,0.19,-0.13,-0.13,Traditional Ways
8361,0.13,0.00,0.94,Boundary
8364,-0.44,-0.56,-0.06,Earth Spirit
8365,-0.19,-0.81,0.56,Earth Spirit
8366,-0.38,-0.38,0.69,Earth Spirit
8367,-0.69,-0.31,-0.25,Earth Spirit
8368,0.06,0.00,0.06,Boundary
8369,-0.38,-0.06,0.94,Earth Spirit
8370,-0.50,0.00,0.94,Boundary
8371,-0.31,-0.19,-0.06,Earth Spirit
8372,-0.06,0.13,0.44,Ecoscience
8374,-0.50,-0.44,-0.38,Earth Spirit
8375,-0.25,0.38,0.19,Ecoscience
8376,-0.19,0.00,0.06,Boundary
8377,-0.38,0.13,-0.44,Ecoscience
8378,0.13,0.00,0.56,Boundary
8379,-0.25,0.19,0.81,Ecoscience
8380,-0.44,-0.56,0.44,Earth Spirit
8382,0.00,-0.19,0.19,Boundary
8386,0.00,-0.13,0.00,Boundary
8387,-0.19,0.13,0.38,Ecoscience
8388,-0.19,-0.50,0.94,Earth Spirit
8389,-0.50,-0.19,0.31,Earth Spirit
8391,-0.19,-0.19,-0.31,Earth Spirit
8393,-0.69,-0.31,0.38,Earth Spirit
8395,-0.69,-0.13,0.63,Earth Spirit
8396,0.06,-0.69,0.56,Traditional Ways
8397,-0.88,0.19,0.88,Ecoscience
8400,-0.56,-0.44,0.31,Earth Spirit
8401,0.25,-0.31,0.88,Traditional Ways
8402,-0.31,0.00,0.44,Boundary
8405,-0.06,0.19,0.13,Ecoscience
8408,-0.31,0.00,1.00,Boundary
8410,0.00,0.69,0.88,Boundary
8412,0.00,-0.44,0.50,Boundary
8413,0.13,0.13,0.44,Technoprogress
8414,-0.25,0.13,-0.69,Ecoscience
8415,-0.06,-0.25,0.50,Earth Spirit
8416,-0.19,-0.25,0.63,Earth Spirit
8417,-0.69,-0.56,0.94,Earth Spirit
8418,-0.19,-0.50,0.56,Earth Spirit
8422,-0.06,-0.13,0.00,Earth Spirit
8423,0.00,0.25,-0.06,Boundary
8424,-0.13,-0.13,-0.19,Earth Spirit
8425,-0.31,-0.38,-0.13,Earth Spirit
8426,-0.56,-0.19,0.19,Earth Spirit
8427,-0.63,-0.19,0.19,Earth Spirit
8428,0.25,0.19,-0.81,Technoprogress
8429,-0.75,-0.75,0.88,Earth Spirit
8431,-0.19,-0.25,0.75,Earth Spirit
8434,0.31,-0.13,0.50,Traditional Ways
8437,0.88,0.00,0.69,Boundary
8440,0.25,0.00,0.31,Boundary
8441,0.19,0.38,0.00,Technoprogress
8443,0.00,-0.31,0.00,Boundary
8444,0.13,0.56,0.00,Technoprogress
8446,0.00,0.19,0.25,Boundary
8447,0.38,-0.38,0.44,Traditional Ways
8451,-0.44,-0.63,-0.56,Earth Spirit
8458,-0.75,-0.63,0.25,Earth Spirit
8460,0.06,0.06,-0.06,Technoprogress
8464,-0.50,-0.25,0.50,Earth Spirit
8467,-0.19,0.13,-0.06,Ecoscience
8469,-0.50,0.06,0.19,Ecoscience
8473,-0.13,0.44,0.38,Ecoscience
8477,-0.31,-0.25,-0.13,Earth Spirit
8481,-0.25,-0.13,-0.13,Earth Spirit
8489,-0.56,0.13,0.56,Ecoscience
8490,-0.19,-0.50,0.63,Earth Spirit
8491,-0.38,-0.13,0.00,Earth Spirit
8492,-0.44,-0.38,-0.19,Earth Spirit
8493,-0.06,-0.19,0.19,Earth Spirit
8494,0.25,-0.06,0.56,Traditional Ways
8495,-0.19,-0.44,0.31,Earth Spirit
8496,-0.06,0.13,-0.25,Ecoscience
8497,-0.13,0.06,0.19,Ecoscience
8498,-0.69,-0.31,0.31,Earth Spirit
8500,0.25,0.00,-0.19,Boundary
8501,-0.56,0.38,0.75,Ecoscience
8502,-0.31,-0.56,0.19,Earth Spirit
8504,-0.19,0.25,-0.31,Ecoscience
8505,-0.19,-0.25,-0.38,Earth Spirit
8507,-0.25,0.13,-0.25,Ecoscience
8509,-0.31,0.00,0.00,Boundary
8510,-0.56,-0.19,-0.69,Earth Spirit
8511,-0.50,0.00,0.44,Boundary